,id,y,x,name,type,category,surface,parking,KMcluster10,complete_name,Population_inf_1_Km,nombre_de_voisins,index_voisins
0,553212547,33.5446668,-7.6404008,Marjane Californie,node,Super Market,4500,1.0,7.0,"Super Market Marjane Californie at -7.6404008 , 33.5446668",45427.16259765625,1,[152]
1,1464579577,33.5945384,-7.595292,Acima,node,Super Market,1500,1.0,4.0,"Super Market Acima at -7.595292 , 33.5945384",64912.04296875,18,"[34, 48, 63, 86, 89, 111, 112, 114, 123, 124, 125, 127, 128, 129, 145, 172, 190, 224]"
2,1848408214,33.5746919,-7.7081046,Marjane Market Ghandi Mall,node,Super Market,250,0.0,5.0,"Super Market Marjane at -7.7081046 , 33.5746919",8021.8134765625,0,[]
3,1848525532,33.5771567,-7.6741813,Carrefour Market Anfa,node,Super Market,250,0.0,1.0,"Super Market Carrefour Market at -7.6741813 , 33.5771567",29355.087890625,0,[]
4,1867124354,33.587934,-7.6393035,Supermarché Mamoun,node,Super Market,250,0.0,1.0,"Super Market Supermarché Mamoun at -7.6393035 , 33.587934",19664.840087890632,11,"[6, 10, 12, 21, 30, 40, 61, 102, 106, 134, 221]"
5,2156197334,33.5946995,-7.6515832,Marjane Market Riad Anfa,node,Super Market,1500,1.0,1.0,"Super Market Marjane Market Riad Anfa at -7.6515832 , 33.5946995",13405.20776367188,2,"[6, 126]"
6,2156197358,33.5908294,-7.6461785,Carrefour Gourmet,node,Super Market,1500,1.0,1.0,"Super Market Carrefour Market at -7.6461785 , 33.5908294",23391.49487304688,6,"[4, 5, 12, 21, 102, 126]"
7,2349795861,33.6022232,-7.5788395,Hachmi,node,Super Market,250,0.0,4.0,"Super Market Hachmi at -7.5788395 , 33.6022232",71464.8798828125,2,"[110, 223]"
8,2382130572,33.5981369,-7.6644676,Carrefour Market Anfa Place,node,Super Market,1500,1.0,1.0,"Super Market Carrefour at -7.6644676 , 33.5981369",9049.2333984375,0,[]
9,2694336684,33.5640326,-7.555968,BIM,node,Super Market,250,0.0,0.0,"Super Market BIM at -7.555968 , 33.5640326",198471.984375,1,[22]
10,2711741036,33.5801558,-7.6407794,Carrefour Market Gauthier 2,node,Super Market,250,0.0,1.0,"Super Market Carrefour Market at -7.6407794 , 33.5801558",35192.91284179688,12,"[4, 21, 52, 61, 83, 84, 85, 102, 134, 153, 214, 220]"
11,2714699192,33.5972247,-7.6346254,Bim,node,Super Market,250,0.0,1.0,"Super Market Bim at -7.6346254 , 33.5972247",15868.81591796875,16,"[12, 13, 15, 26, 27, 30, 65, 66, 67, 100, 104, 106, 115, 116, 132, 142]"
12,2879158742,33.5918499,-7.6384408,Libre Service ZAKI,node,Super Market,100,0.0,1.0,"Super Market Libre Service ZAKI at -7.6384408 , 33.5918499",28123.35668945313,13,"[4, 6, 11, 21, 30, 40, 61, 65, 102, 104, 106, 116, 132]"
13,2881796420,33.6014315,-7.6346726,Bim,node,Super Market,250,0.0,1.0,"Super Market Bim at -7.6346726 , 33.6014315",15868.81591796875,12,"[11, 15, 26, 27, 65, 66, 67, 104, 115, 116, 132, 142]"
14,2892372049,33.595682,-7.531687,Marjane,node,Super Market,1500,1.0,0.0,"Super Market Marjane at -7.531687 , 33.595682",76102.8271484375,2,"[46, 105]"
15,2895214170,33.601049,-7.632989,Supermarche ,node,Super Market,250,0.0,1.0,"Super Market Supermarché at -7.632989 , 33.601049",15868.81591796875,12,"[11, 13, 26, 27, 65, 66, 67, 104, 115, 116, 132, 142]"
16,2902579299,33.5730326,-7.6198771,Carrefour Market,node,Super Market,1500,1.0,1.0,"Super Market Carrefour Market at -7.6198771 , 33.5730326",33343.70556640625,14,"[17, 28, 92, 93, 94, 95, 96, 97, 98, 108, 154, 176, 177, 178]"
17,2902579300,33.5729969,-7.6201882,BIM,node,Super Market,100,0.0,1.0,"Super Market BİM at -7.6201882 , 33.5729969",43953.93212890625,13,"[16, 28, 92, 93, 94, 95, 96, 97, 98, 154, 176, 177, 178]"
18,2903614171,33.5733212,-7.6564955,O'self,node,Super Market,250,1.0,1.0,"Super Market O'self at -7.6564955 , 33.5733212",37379.83251953125,8,"[19, 20, 45, 84, 87, 88, 150, 217]"
19,2903614179,33.5737413,-7.6556158,Tropy,node,Super Market,250,,1.0,"Super Market Tropy at -7.6556158 , 33.5737413",44501.39208984375,9,"[18, 20, 45, 84, 85, 87, 88, 150, 217]"
20,2903614192,33.5708852,-7.6517909,BIM,node,Super Market,250,,1.0,"Super Market BIM at -7.6517909 , 33.5708852",31789.81591796875,11,"[18, 19, 45, 52, 84, 85, 87, 88, 107, 150, 217]"
21,3091356738,33.5879874,-7.6412286,Diabètic Shop,node,Super Market,100,,1.0,"Super Market Diabètic Shop at -7.6412286 , 33.5879874",17093.232666015632,8,"[4, 6, 10, 12, 30, 40, 61, 102]"
22,3220291686,33.557744,-7.559864,BIM,node,Super Market,250,,9.0,"Super Market BİM at -7.559864 , 33.557744",156622.1806640625,2,"[9, 155]"
23,3221061261,33.5835673,-7.596623,Protectron Maroc,node,Super Market,250,,4.0,"Super Market Protectron Maroc at -7.596623 , 33.5835673",56330.935546875,18,"[29, 34, 48, 55, 64, 89, 112, 113, 114, 120, 121, 122, 123, 124, 125, 172, 179, 224]"
24,3228678356,33.5841994,-7.5826163,Supermarche Bim,node,Super Market,1500,,4.0,"Super Market Supermarche Bim at -7.5826163 , 33.5841994",49007.8310546875,4,"[48, 171, 174, 224]"
25,3359696119,33.5939838,-7.6244925,Bim,node,Super Market,259,,1.0,"Super Market Bim at -7.6244925 , 33.5939838",20659.49951171875,13,"[26, 27, 30, 33, 40, 51, 53, 100, 106, 115, 116, 218, 222]"
26,3602074169,33.5957829,-7.628286,Bim,node,Super Market,250,,1.0,"Super Market Bim at -7.628286 , 33.5957829",23833.62890625,18,"[11, 13, 15, 25, 27, 30, 40, 65, 67, 100, 104, 106, 115, 116, 132, 142, 218, 222]"
27,3602074170,33.597148,-7.6294045,Label' Vie Carrefour Market,node,Super Market,250,,1.0,"Super Market Label' Vie Carrefour Market at -7.6294045 , 33.597148",21638.03564453125,17,"[11, 13, 15, 25, 26, 30, 65, 66, 67, 100, 104, 106, 115, 116, 132, 142, 222]"
28,3639392309,33.5761212,-7.6156344,Acima Mers Sultan,node,Super Market,250,,4.0,"Super Market Acima Mers Sultan at -7.6156344 , 33.5761212",33343.70556640625,15,"[16, 17, 82, 92, 93, 94, 95, 96, 97, 98, 108, 154, 176, 177, 178]"
29,3788381533,33.5808385,-7.5928561,Aswak Assalam,node,Super Market,250,,4.0,"Super Market Aswak Assalam at -7.5928561 , 33.5808385",46686.2958984375,11,"[23, 48, 55, 112, 114, 120, 122, 123, 124, 171, 174]"
30,4100382809,33.5891579,-7.6310019,BIM,node,Super Market,250,,1.0,"Super Market BIM at -7.6310019 , 33.5891579",25635.0205078125,17,"[4, 11, 12, 21, 25, 26, 27, 40, 61, 100, 106, 115, 116, 153, 203, 221, 222]"
31,4114077690,33.5386572,-7.5532235,Marché Salmia 2,node,Super Market,250,,9.0,"Super Market Marché Salmia 2 at -7.5532235 , 33.5386572",91092.1357421875,1,[81]
32,4129023489,33.3808071,-7.5346227,BIM,node,Super Market,250,,2.0,"Super Market BIM at -7.5346227 , 33.3808071",0.0,0,[]
33,4193561290,33.5972407,-7.6152396,BMI,node,Super Market,1500,,4.0,"Super Market BMI at -7.6152396 , 33.5972407",33735.89111328125,11,"[25, 35, 51, 53, 59, 60, 69, 109, 164, 213, 218]"
34,4221347648,33.5905784,-7.5928946,Bim,node,Super Market,250,,4.0,"Super Market Bim at -7.5928946 , 33.5905784",64663.2744140625,21,"[1, 23, 48, 55, 63, 86, 89, 111, 112, 114, 122, 123, 124, 125, 128, 129, 145, 172, 174, 190, 224]"
35,4225325278,33.5886673,-7.6130079,my SuperMarket,node,Super Market,1500,,4.0,"Super Market my SuperMarket at -7.6130079 , 33.5886673",26931.63134765625,13,"[33, 41, 57, 58, 59, 60, 64, 69, 109, 113, 173, 179, 218]"
36,4338345197,33.5925748,-7.4882884,BIM,node,Super Market,250,,6.0,"Super Market BIM at -7.4882884 , 33.5925748",223436.330078125,1,[37]
37,4338387289,33.5935945,-7.49564,BIM,node,Super Market,250,,6.0,"Super Market BIM at -7.49564 , 33.5935945",169792.08203125,2,"[36, 140]"
38,4346039590,33.6039372,-7.4892783,BIM,node,Super Market,250,,6.0,"Super Market BIM at -7.4892783 , 33.6039372",76780.2939453125,1,[161]
39,4350335179,33.6205532,-7.4870931,BIM,node,Super Market,250,,6.0,"Super Market BIM بيم at -7.4870931 , 33.6205532",38296.3759765625,1,[77]
40,4398086252,33.5882331,-7.6310778,Economat du professeur,node,Super Market,100,,1.0,"Super Market Economat du professeur at -7.6310778 , 33.5882331",21277.794921875,15,"[4, 12, 21, 25, 26, 30, 61, 82, 100, 106, 116, 153, 203, 221, 222]"
41,4486145290,33.5844973,-7.6080134,Carrefour,node,Super Market,1500,,4.0,"Super Market Carrefour at -7.6080134 , 33.5844973",25030.11328125,15,"[35, 55, 57, 58, 59, 64, 109, 113, 120, 121, 122, 124, 125, 173, 179]"
42,4547873290,33.5479552,-7.5974437,market arabe,node,Super Market,100,,9.0,"Super Market سوق الخليل at -7.5974437 , 33.5479552",91149.69140625,3,"[44, 168, 200]"
43,4588766267,33.5395666,-7.5833828,BIM,node,Super Market,250,,9.0,"Super Market BIM at -7.5833828 , 33.5395666",104315.525390625,3,"[136, 137, 160]"
44,4680487690,33.540036,-7.6003544,Acima 2,node,Super Market,250,,9.0,"Super Market Acima آسيما at -7.6003544 , 33.540036",86846.49609375,2,"[42, 168]"
45,4745754458,33.5745369,-7.6499745,Acima 3,node,Super Market,250,,1.0,"Super Market Acima at -7.6499745 , 33.5745369",31789.81591796875,9,"[18, 19, 20, 52, 84, 85, 87, 150, 217]"
46,4949762492,33.5982648,-7.5223526,BIM,node,Super Market,250,,0.0,"Super Market BİM at -7.5223526 , 33.5982648",76063.9140625,3,"[14, 56, 105]"
47,5081744174,33.568153,-7.5316741,Bim,node,Super Market,250,,0.0,"Super Market Bim at -7.5316741 , 33.568153",287138.97265625,2,"[50, 54]"
48,5126989232,33.5866306,-7.5924065,Tachfine center,node,Super Market,250,,4.0,"Super Market Tachfine center at -7.5924065 , 33.5866306",46686.2958984375,19,"[1, 23, 24, 29, 34, 55, 86, 89, 111, 112, 114, 122, 123, 124, 125, 128, 172, 174, 224]"
49,5291843491,33.5759943,-7.5179027,Bim,node,Super Market,250,,0.0,"Super Market Bim at -7.5179027 , 33.5759943",207777.943359375,0,[]
50,5291843492,33.5725129,-7.5318442,Bim,node,Super Market,250,,0.0,"Super Market Bim at -7.5318442 , 33.5725129",187858.865234375,1,[47]
51,5314907624,33.6002411,-7.6178059,my SuperMarket,node,Super Market,1500,,4.0,"Super Market my SuperMarket at -7.6178059 , 33.6002411",18380.09228515625,6,"[25, 33, 53, 164, 213, 218]"
52,5321031121,33.5739187,-7.6445744,Carrefour,node,Super Market,1500,,1.0,"Super Market Carrefour at -7.6445744 , 33.5739187",37580.548828125,10,"[10, 20, 45, 83, 84, 85, 134, 214, 217, 220]"
53,5322671621,33.600148,-7.6178386,my SuperMarket,node,Super Market,1500,,4.0,"Super Market my SuperMarket at -7.6178386 , 33.600148",18380.09228515625,6,"[25, 33, 51, 164, 213, 218]"
54,5506425821,33.5614104,-7.5337165,BIM,node,Super Market,250,,0.0,"Super Market BIM بيم at -7.5337165 , 33.5614104",217028.14453125,1,[47]
55,5579609066,33.5841408,-7.599484,Carrefour Market,node,Super Market,1500,,4.0,"Super Market Carrefour Market at -7.599484 , 33.5841408",32533.6708984375,20,"[23, 29, 34, 41, 48, 63, 64, 89, 111, 112, 113, 114, 120, 121, 122, 123, 124, 125, 172, 179]"
56,5618306120,33.5930481,-7.5174715,Plus,node,Super Market,100,,0.0,"Super Market Plus at -7.5174715 , 33.5930481",75332.958984375,1,[46]
57,5633523498,33.588586,-7.6110077,Asia Supermarche,node,Super Market,250,,4.0,"Super Market Asia Supermarché at -7.6110077 , 33.588586",37668.82080078125,14,"[35, 41, 58, 59, 60, 64, 69, 109, 113, 121, 125, 127, 173, 179]"
58,5657167238,33.5879069,-7.6125249,Acima,node,Super Market,250,,4.0,"Super Market Acima at -7.6125249 , 33.5879069",26931.63134765625,14,"[35, 41, 57, 59, 60, 64, 69, 109, 113, 121, 125, 173, 179, 218]"
59,5657167250,33.588499,-7.6144239,my SuperMarket,node,Super Market,1500,,4.0,"Super Market my SuperMarket at -7.6144239 , 33.588499",26931.63134765625,11,"[33, 35, 41, 57, 58, 60, 82, 109, 113, 173, 218]"
60,5657171554,33.59444,-7.6086746,Marjane,node,Super Market,1500,,4.0,"Super Market Marjane at -7.6086746 , 33.59444",37668.82080078125,20,"[33, 35, 57, 58, 59, 63, 64, 69, 86, 109, 111, 113, 125, 127, 129, 164, 173, 190, 213, 218]"
61,5700510319,33.5842229,-7.6375868,Bim,node,Super Market,250,,1.0,"Super Market Bim at -7.6375868 , 33.5842229",33774.73950195313,13,"[4, 10, 12, 21, 30, 40, 102, 106, 134, 153, 214, 220, 221]"
62,6027845069,33.5553862,-7.6997912,Bim,node,Super Market,250,,5.0,"Super Market Bim at -7.6997912 , 33.5553862",22565.009033203132,0,[]
63,6051578742,33.5926838,-7.6011795,Carrefour Market,node,Super Market,1500,,4.0,"Super Market Carrefour Market at -7.6011795 , 33.5926838",56211.9990234375,20,"[1, 34, 55, 60, 64, 69, 86, 89, 111, 112, 113, 114, 123, 124, 125, 127, 128, 129, 172, 190]"
64,6051578743,33.586847,-7.6033536,Bim,node,Super Market,250,,4.0,"Super Market Bim at -7.6033536 , 33.586847",45727.166015625,24,"[23, 35, 41, 55, 57, 58, 60, 63, 69, 86, 89, 111, 112, 113, 114, 120, 121, 122, 123, 124, 125, 127, 172, 179]"
65,6260970486,33.5998615,-7.6374127,BIM,node,Super Market,250,,1.0,"Super Market BIM at -7.6374127 , 33.5998615",18364.531982421868,13,"[11, 12, 13, 15, 26, 27, 66, 67, 104, 115, 116, 132, 142]"
66,6260970985,33.6019964,-7.6380539,BIM,node,Super Market,250,,1.0,"Super Market BIM at -7.6380539 , 33.6019964",13037.79418945312,11,"[11, 13, 15, 27, 65, 67, 104, 115, 116, 132, 142]"
67,6260971085,33.6008678,-7.6355528,Otob,node,Super Market,100,,1.0,"Super Market Otob at -7.6355528 , 33.6008678",15868.81591796875,12,"[11, 13, 15, 26, 27, 65, 66, 104, 115, 116, 132, 142]"
68,6411471543,33.5343791,-7.7254623,BIM,node,Super Market,250,,5.0,"Super Market BIM at -7.7254623 , 33.5343791",26767.73779296875,2,"[165, 186]"
69,6427695686,33.5944393,-7.6061698,my SuperMarket,node,Super Market,1500,,4.0,"Super Market my SuperMarket at -7.6061698 , 33.5944393",48153.65380859375,17,"[33, 35, 57, 58, 60, 63, 64, 86, 109, 111, 113, 125, 127, 129, 164, 190, 213]"
70,6567406902,33.5189452,-7.6444846,Bim,node,Super Market,250,,7.0,"Super Market Bim at -7.6444846 , 33.5189452",31427.70068359375,2,"[71, 72]"
71,6593067875,33.5217794,-7.6455492,Epicier Oujdi,node,Super Market,100,,7.0,"Super Market Epicier Oujdi at -7.6455492 , 33.5217794",59340.55908203125,3,"[70, 72, 73]"
72,6593157471,33.5147228,-7.6453389,BIM,node,Super Market,250,,7.0,"Super Market BİM at -7.6453389 , 33.5147228",40210.05322265625,2,"[70, 71]"
73,6593304003,33.5275334,-7.649661,Bim,node,Super Market,250,,7.0,"Super Market Bim at -7.649661 , 33.5275334",47614.634765625,1,[71]
74,7081606785,33.5845244,-7.5545517,my supermarket,node,Super Market,100,,0.0,"Super Market سوق السلام at -7.5545517 , 33.5845244",82867.0625,1,[166]
75,7099431252,33.4753036,-7.6069947,Marjane,node,Super Market,1500,,7.0,"Super Market Marjane at -7.6069947 , 33.4753036",7895.05224609375,0,[]
76,7168679419,33.612414,-7.499001,Bim,node,Super Market,250,,6.0,"Super Market Bim at -7.499001 , 33.612414",47651.81103515625,1,[90]
77,7168974694,33.6180007,-7.4804327,BIM,node,Super Market,250,,6.0,"Super Market BİM at -7.4804327 , 33.6180007",31779.0771484375,1,[39]
78,7169432350,33.6028221,-7.51024,Bim,node,Super Market,250,,6.0,"Super Market Bim at -7.51024 , 33.6028221",56070.6513671875,0,[]
79,7169432352,33.6085701,-7.5204759,BIM,node,Super Market,250,,0.0,"Super Market BİM at -7.5204759 , 33.6085701",43822.49853515625,1,[105]
80,7506518473,33.5660726,-7.6386639,marche riviera,node,Super Market,100,,1.0,"Super Market marché riviera at -7.6386639 , 33.5660726",59294.048828125,3,"[83, 107, 180]"
81,7524700685,33.5337483,-7.5561429,alimentation general ZAHRI,node,Super Market,100,,9.0,"Super Market alimentation général ZAHRI at -7.5561429 , 33.5337483",53302.17529296875,1,[31]
82,8755951134,33.5833045,-7.6221079,Bim,node,Super Market,250,,4.0,"Super Market Bim at -7.6221079 , 33.5833045",42552.49755859375,17,"[28, 40, 59, 92, 93, 94, 95, 96, 97, 98, 106, 153, 173, 176, 203, 221, 222]"
83,8756264788,33.5740027,-7.6361846,Carrefour Market,node,Super Market,1500,,1.0,"Super Market Carrefour Market at -7.6361846 , 33.5740027",39707.849609375,8,"[10, 52, 80, 85, 134, 153, 214, 220]"
84,8756312688,33.5757154,-7.6473604,Delicatess,node,Super Market,100,,1.0,"Super Market Delicatess at -7.6473604 , 33.5757154",52171.00634765625,9,"[10, 18, 19, 20, 45, 52, 85, 150, 217]"
85,8756312691,33.5765392,-7.6464177,Bim,node,Super Market,250,,1.0,"Super Market Bim at -7.6464177 , 33.5765392",43506.39599609375,12,"[10, 19, 20, 45, 52, 83, 84, 134, 150, 214, 217, 220]"
86,8757524291,33.5937022,-7.5987385,BIM,node,Super Market,250,,4.0,"Super Market BIM at -7.5987385 , 33.5937022",74556.6826171875,21,"[1, 34, 48, 60, 63, 64, 69, 89, 111, 112, 113, 114, 123, 124, 125, 127, 128, 129, 172, 190, 224]"
87,8758727346,33.5761384,-7.6601328,Tropy,node,Super Market,100,,1.0,"Super Market Tropy at -7.6601328 , 33.5761384",27302.03369140625,5,"[18, 19, 20, 45, 150]"
88,8759322185,33.5668178,-7.6559634,Marjane Market,node,Super Market,1500,,1.0,"Super Market Marjane Market at -7.6559634 , 33.5668178",49270.6904296875,6,"[18, 19, 20, 107, 216, 217]"
89,8810113917,33.591678,-7.5948403,my SuperMarket,node,Super Market,1500,,4.0,"Super Market my SuperMarket at -7.5948403 , 33.591678",64663.2744140625,23,"[1, 23, 34, 48, 55, 63, 64, 86, 111, 112, 113, 114, 122, 123, 124, 125, 127, 128, 129, 145, 172, 190, 224]"
90,8880696017,33.6083504,-7.4998647,my supermarket,node,Super Market,100,,6.0,"Super Market مقتصدية التعليم سيدي البرنوصي at -7.4998647 , 33.6083504",40282.0537109375,2,"[76, 161]"
91,8880696018,33.5865086,-7.5030457,my supermarket,node,Super Market,100,,0.0,"Super Market بيم at -7.5030457 , 33.5865086",160908.978515625,1,[140]
92,9620605641,33.5802619,-7.6224175,ADIPRO,node,Super Market,100,,1.0,"Super Market ADIPRO at -7.6224175 , 33.5802619",29812.8544921875,14,"[16, 17, 28, 82, 93, 94, 95, 96, 97, 98, 153, 176, 203, 221]"
93,9620605642,33.5805361,-7.6217608,Art Deco Et Laser,node,Super Market,100,,1.0,"Super Market Art Deco Et Laser at -7.6217608 , 33.5805361",29812.8544921875,15,"[16, 17, 28, 82, 92, 94, 95, 96, 97, 98, 153, 173, 176, 203, 221]"
94,9620605648,33.5802289,-7.6232078,Espace Turquie,node,Super Market,100,,1.0,"Super Market Espace Turquie at -7.6232078 , 33.5802289",29812.8544921875,14,"[16, 17, 28, 82, 92, 93, 95, 96, 97, 98, 153, 176, 203, 221]"
95,9620605649,33.5798484,-7.6228174,Societe Industrielle De Produits Medical Sa,node,Super Market,1500,,1.0,"Super Market Societe Industrielle De Produits Medical Sa at -7.6228174 , 33.5798484",29812.8544921875,14,"[16, 17, 28, 82, 92, 93, 94, 96, 97, 98, 153, 176, 203, 221]"
96,9620605651,33.5794161,-7.6229794,Ensure Services,node,Super Market,100,,1.0,"Super Market Ensure Services at -7.6229794 , 33.5794161",29812.8544921875,15,"[16, 17, 28, 82, 92, 93, 94, 95, 97, 98, 153, 176, 177, 203, 221]"
97,9620684478,33.5789653,-7.6221811,BIM,node,Super Market,250,,1.0,"Super Market BIM at -7.6221811 , 33.5789653",38618.1962890625,14,"[16, 17, 28, 82, 92, 93, 94, 95, 96, 98, 153, 176, 177, 203]"
98,9620697123,33.5787764,-7.6219061,KADI MED,node,Super Market,100,,1.0,"Super Market KADI MED at -7.6219061 , 33.5787764",38618.1962890625,14,"[16, 17, 28, 82, 92, 93, 94, 95, 96, 97, 153, 176, 177, 203]"
99,10148183633,33.5739454,-7.5588138,BIM,node,Super Market,250,,0.0,"Super Market BİM at -7.5588138 , 33.5739454",109111.3984375,2,"[166, 167]"
100,10218098519,33.593301,-7.6273077,my SuperMarket,node,Super Market,100,,1.0,"Super Market my SuperMarket at -7.6273077 , 33.593301",20659.49951171875,13,"[11, 25, 26, 27, 30, 40, 106, 115, 116, 132, 218, 221, 222]"
101,10276316930,33.5624485,-7.5748432,souq  baladia,node,Super Market,100,,9.0,"Super Market souq  baladia at -7.5748432 , 33.5624485",101607.384765625,2,"[156, 170]"
102,10540018109,33.5886301,-7.6418577,my SuperMarket,node,Super Market,1500,,1.0,"Super Market my SuperMarket at -7.6418577 , 33.5886301",17093.232666015632,6,"[4, 6, 10, 12, 21, 61]"
103,10541977576,33.607527,-7.5368732,Carrefour,node,Super Market,1500,,0.0,"Super Market Carrefour at -7.5368732 , 33.607527",41290.2177734375,0,[]
104,10789792414,33.5992312,-7.6373297,CARRE PRIMEUR,node,Super Market,1500,,1.0,"Super Market CARRE PRIMEUR at -7.6373297 , 33.5992312",19000.5947265625,13,"[11, 12, 13, 15, 26, 27, 65, 66, 67, 115, 116, 132, 142]"
105,10920437129,33.6021269,-7.5265618,Carrefour Market,node,Super Market,1500,,0.0,"Super Market Carrefour Market at -7.5265618 , 33.6021269",62271.6171875,3,"[14, 46, 79]"
106,11059511506,33.5897112,-7.6295197,my SuperMarket,node,Super Market,100,,1.0,"Super Market my SuperMarket at -7.6295197 , 33.5897112",26288.56103515625,16,"[4, 11, 12, 25, 26, 27, 30, 40, 61, 82, 100, 115, 116, 203, 221, 222]"
107,11220917816,33.5630833,-7.6476427,BIM,node,Super Market,250,,1.0,"Super Market BİM at -7.6476427 , 33.5630833",34324.52001953125,4,"[20, 80, 88, 217]"
108,11220946094,33.5710869,-7.6094122,Bim,node,Super Market,250,,4.0,"Super Market Bim at -7.6094122 , 33.5710869",25140.37744140625,7,"[16, 28, 154, 175, 176, 177, 178]"
109,11222390833,33.5894279,-7.6137309,Bim,node,Super Market,250,,4.0,"Super Market Bim at -7.6137309 , 33.5894279",26931.63134765625,11,"[33, 35, 41, 57, 58, 59, 60, 69, 113, 173, 218]"
110,11359850533,33.5987457,-7.5751282,Carrefour,node,Super Market,1500,,4.0,"Super Market Carrefour at -7.5751282 , 33.5987457",61613.693359375,3,"[7, 141, 223]"
111,1464276480,33.593057,-7.598525,Shell,node,Fuel Station,1500,,4.0,"Fuel Station Shell شل at -7.598525 , 33.593057",74556.6826171875,22,"[1, 34, 48, 55, 60, 63, 64, 69, 86, 89, 112, 113, 114, 123, 124, 125, 127, 128, 129, 172, 190, 224]"
112,1464579523,33.5892298,-7.5965419,Shell ,node,Fuel Station,1500,,4.0,"Fuel Station Shell شل at -7.5965419 , 33.5892298",74307.9140625,25,"[1, 23, 29, 34, 48, 55, 63, 64, 86, 89, 111, 113, 114, 120, 121, 122, 123, 124, 125, 127, 128, 129, 172, 190, 224]"
113,1464579563,33.5880813,-7.6037302,Oilibya,node,Fuel Station,500,,4.0,"Fuel Station Oilibya at -7.6037302 , 33.5880813",45727.166015625,27,"[23, 35, 41, 55, 57, 58, 59, 60, 63, 64, 69, 86, 89, 109, 111, 112, 114, 120, 121, 122, 123, 124, 125, 127, 172, 179, 190]"
114,1464579595,33.5888428,-7.5973879,Oilibya,node,Fuel Station,500,,4.0,"Fuel Station Oilibya at -7.5973879 , 33.5888428",55963.23046875,26,"[1, 23, 29, 34, 48, 55, 63, 64, 86, 89, 111, 112, 113, 120, 121, 122, 123, 124, 125, 127, 128, 129, 172, 179, 190, 224]"
115,1746921480,33.5974373,-7.6290061,my Fuel Station,node,Fuel Station,100,,1.0,"Fuel Station my Fuel Station at -7.6290061 , 33.5974373",21638.03564453125,17,"[11, 13, 15, 25, 26, 27, 30, 65, 66, 67, 100, 104, 106, 116, 132, 142, 222]"
116,1746923047,33.5963033,-7.6309065,Somap,node,Fuel Station,500,,1.0,"Fuel Station Somap at -7.6309065 , 33.5963033",18130.24267578125,19,"[11, 12, 13, 15, 25, 26, 27, 30, 40, 65, 66, 67, 100, 104, 106, 115, 132, 142, 222]"
117,2135428243,33.4391387,-7.5209454,my Fuel Station,node,Fuel Station,100,,2.0,"Fuel Station my Fuel Station at -7.5209454 , 33.4391387",14209.09469604492,1,[183]
118,2135428343,33.4575282,-7.5218118,my Fuel Station,node,Fuel Station,100,,2.0,"Fuel Station my Fuel Station at -7.5218118 , 33.4575282",24030.61901855469,3,"[182, 184, 199]"
119,2146499640,33.5212361,-7.5574575,Afriquia,node,Fuel Station,1500,,9.0,"Fuel Station Afriquia at -7.5574575 , 33.5212361",23165.7236328125,0,[]
120,2428391666,33.5825408,-7.6021553,Station Total Al Madina,node,Fuel Station,1500,,4.0,"Fuel Station Station Total Al Madina at -7.6021553 , 33.5825408",32533.6708984375,15,"[23, 29, 41, 55, 64, 112, 113, 114, 121, 122, 123, 124, 125, 172, 179]"
121,2428391681,33.5827681,-7.6039363,my Fuel Station,node,Fuel Station,100,,4.0,"Fuel Station my Fuel Station at -7.6039363 , 33.5827681",32533.6708984375,15,"[23, 41, 55, 57, 58, 64, 112, 113, 114, 120, 122, 123, 124, 125, 179]"
122,2428391692,33.5835667,-7.5981966,Total ,node,Fuel Station,1500,,4.0,"Fuel Station Total طوطال at -7.5981966 , 33.5835667",47640.701171875,18,"[23, 29, 34, 41, 48, 55, 64, 89, 112, 113, 114, 120, 121, 123, 124, 125, 172, 179]"
123,2428391732,33.5869146,-7.5949272,my Fuel Station,node,Fuel Station,100,,4.0,"Fuel Station my Fuel Station at -7.5949272 , 33.5869146",65161.791015625,23,"[1, 23, 29, 34, 48, 55, 63, 64, 86, 89, 111, 112, 113, 114, 120, 121, 122, 124, 125, 128, 172, 174, 224]"
124,2428391734,33.5876079,-7.598817,Shell ,node,Fuel Station,1500,,4.0,"Fuel Station Shell شل at -7.598817 , 33.5876079",65161.791015625,27,"[1, 23, 29, 34, 41, 48, 55, 63, 64, 86, 89, 111, 112, 113, 114, 120, 121, 122, 123, 125, 127, 128, 129, 172, 179, 190, 224]"
125,2428391736,33.5880346,-7.602086,my Fuel Station,node,Fuel Station,100,,4.0,"Fuel Station my Fuel Station at -7.602086 , 33.5880346",56211.9990234375,28,"[1, 23, 34, 41, 48, 55, 57, 58, 60, 63, 64, 69, 86, 89, 111, 112, 113, 114, 120, 121, 122, 123, 124, 127, 129, 172, 179, 190]"
126,2428391748,33.5908396,-7.6544861,my Fuel Station,node,Fuel Station,100,,1.0,"Fuel Station my Fuel Station at -7.6544861 , 33.5908396",20010.963134765618,2,"[5, 6]"
127,2428391774,33.5948903,-7.6037693,Oilibya,node,Fuel Station,500,,4.0,"Fuel Station Oilibya at -7.6037693 , 33.5948903",56965.32763671875,19,"[1, 57, 60, 63, 64, 69, 86, 89, 111, 112, 113, 114, 124, 125, 128, 129, 172, 190, 213]"
128,2428391775,33.5951462,-7.5944075,station total alamal,node,Fuel Station,1500,,4.0,"Fuel Station station total alamal at -7.5944075 , 33.5951462",57486.0283203125,17,"[1, 34, 48, 63, 86, 89, 111, 112, 114, 123, 124, 127, 129, 145, 172, 190, 224]"
129,2428391777,33.5963947,-7.5986993,my Fuel Station,node,Fuel Station,100,,4.0,"Fuel Station my Fuel Station at -7.5986993 , 33.5963947",59151.3564453125,16,"[1, 34, 60, 63, 69, 86, 89, 111, 112, 114, 124, 125, 127, 128, 172, 190]"
130,2428404622,33.5284272,-7.6797646,my Fuel Station,node,Fuel Station,100,,5.0,"Fuel Station my Fuel Station at -7.6797646 , 33.5284272",44124.00341796875,1,[157]
131,2428404642,33.5470132,-7.7442477,my Fuel Station,node,Fuel Station,100,,5.0,"Fuel Station my Fuel Station at -7.7442477 , 33.5470132",9538.86535644532,0,[]
132,2508629561,33.5992711,-7.6352132,my Fuel Station,node,Fuel Station,100,,1.0,"Fuel Station my Fuel Station at -7.6352132 , 33.5992711",15868.81591796875,14,"[11, 12, 13, 15, 26, 27, 65, 66, 67, 100, 104, 115, 116, 142]"
133,2579659697,33.4996801,-7.6589881,my Fuel Station,node,Fuel Station,100,,7.0,"Fuel Station my Fuel Station at -7.6589881 , 33.4996801",21671.04125976562,1,[181]
134,2641044302,33.5793354,-7.6363671,Station Winxo,node,Fuel Station,500,,1.0,"Fuel Station Station Winxo at -7.6363671 , 33.5793354",31217.74609375,10,"[4, 10, 52, 61, 83, 85, 153, 214, 220, 221]"
135,2880345530,33.5076139,-7.6314676,Somap Bouskoura,node,Fuel Station,500,,7.0,"Fuel Station Somap Bouskoura at -7.6314676 , 33.5076139",29577.41162109375,5,"[169, 193, 194, 195, 196]"
136,2951687867,33.5460644,-7.5840928,my Fuel Station,node,Fuel Station,100,,9.0,"Fuel Station my Fuel Station at -7.5840928 , 33.5460644",93107.9990234375,3,"[43, 137, 160]"
137,2951687949,33.5454093,-7.5835536,my Fuel Station,node,Fuel Station,100,,9.0,"Fuel Station my Fuel Station at -7.5835536 , 33.5454093",101459.5546875,3,"[43, 136, 160]"
138,2951688143,33.5627036,-7.5934349,my Fuel Station,node,Fuel Station,100,,4.0,"Fuel Station my Fuel Station at -7.5934349 , 33.5627036",44399.4521484375,0,[]
139,2951711842,33.572145,-7.5977452,my Fuel Station,node,Fuel Station,100,,4.0,"Fuel Station my Fuel Station at -7.5977452 , 33.572145",38550.244140625,1,[175]
140,3049352057,33.5885145,-7.4987502,my Fuel Station,node,Fuel Station,100,,6.0,"Fuel Station محطة افريقيا at -7.4987502 , 33.5885145",182228.57421875,2,"[37, 91]"
141,3118803983,33.5934905,-7.5821275,Winxo,node,Fuel Station,500,,4.0,"Fuel Station Winxo at -7.5821275 , 33.5934905",84389.4462890625,4,"[110, 145, 174, 224]"
142,3227963331,33.6016802,-7.6330158,Station d'essence Shell,node,Fuel Station,1500,,1.0,"Fuel Station Station d'essence Shell at -7.6330158 , 33.6016802",15868.81591796875,12,"[11, 13, 15, 26, 27, 65, 66, 67, 104, 115, 116, 132]"
143,3330956949,33.5101583,-7.6081449,my Fuel Station,node,Fuel Station,100,,7.0,"Fuel Station my Fuel Station at -7.6081449 , 33.5101583",11750.912109375,1,[208]
144,3533488689,33.4781674,-7.7561438,my Fuel Station,node,Fuel Station,100,,3.0,"Fuel Station my Fuel Station at -7.7561438 , 33.4781674",2157.988037109375,1,[189]
145,3665631183,33.5947842,-7.5873788,La Pompe Diesel (77),node,Fuel Station,500,,4.0,"Fuel Station La Pompe Diesel (77) at -7.5873788 , 33.5947842",69055.5517578125,6,"[1, 34, 89, 128, 141, 224]"
146,3948759289,33.4870125,-7.6734753,my Fuel Station,node,Fuel Station,100,,7.0,"Fuel Station my Fuel Station at -7.6734753 , 33.4870125",6812.507690429678,2,"[147, 192]"
147,3948759290,33.4850515,-7.6711922,my Fuel Station,node,Fuel Station,100,,7.0,"Fuel Station my Fuel Station at -7.6711922 , 33.4850515",6688.637329101559,2,"[146, 192]"
148,3951078391,33.4706834,-7.5136215,my Fuel Station,node,Fuel Station,100,,2.0,"Fuel Station my Fuel Station at -7.5136215 , 33.4706834",5239.892303466797,1,[198]
149,3955686599,33.507225,-7.4302449,my Fuel Station,node,Fuel Station,100,,8.0,"Fuel Station my Fuel Station at -7.4302449 , 33.507225",762.0502166748047,0,[]
150,3975134179,33.5789079,-7.6549391,Winxo,node,Fuel Station,500,,1.0,"Fuel Station Winxo at -7.6549391 , 33.5789079",28819.1337890625,7,"[18, 19, 20, 45, 84, 85, 87]"
151,3976720781,33.5482425,-7.5732862,Station-service Total,node,Fuel Station,1500,,9.0,"Fuel Station Station-service Total at -7.5732862 , 33.5482425",110612.439453125,1,[160]
152,4000899101,33.5371836,-7.6425542,Afriquia ,node,Fuel Station,1500,,7.0,"Fuel Station Afriquia أفريقيا at -7.6425542 , 33.5371836",46733.8818359375,1,[0]
153,4184377120,33.5807727,-7.6318467,Total,node,Fuel Station,1500,,1.0,"Fuel Station Total طوطال at -7.6318467 , 33.5807727",37928.16845703125,18,"[10, 30, 40, 61, 82, 83, 92, 93, 94, 95, 96, 97, 98, 134, 203, 214, 220, 221]"
154,4188238480,33.574859,-7.6101748,Total,node,Fuel Station,1500,,4.0,"Fuel Station Total طوطال at -7.6101748 , 33.574859",25140.37744140625,7,"[16, 17, 28, 108, 176, 177, 178]"
155,4203236826,33.5538978,-7.5628193,my Fuel Station,node,Fuel Station,100,,9.0,"Fuel Station my Fuel Station at -7.5628193 , 33.5538978",137085.6552734375,1,[22]
156,4203236981,33.5675533,-7.5832292,my Fuel Station,node,Fuel Station,100,,4.0,"Fuel Station my Fuel Station at -7.5832292 , 33.5675533",59287.849609375,2,"[101, 170]"
157,4213195816,33.5317175,-7.6746083,my Fuel Station,node,Fuel Station,100,,5.0,"Fuel Station my Fuel Station at -7.6746083 , 33.5317175",44401.3505859375,1,[130]
158,4215514571,33.4996267,-7.5419767,Oilibya,node,Fuel Station,500,,2.0,"Fuel Station Oilibya at -7.5419767 , 33.4996267",4418.107238769526,0,[]
159,4215515946,33.5118639,-7.5480767,Ziz,node,Fuel Station,500,,9.0,"Fuel Station Ziz at -7.5480767 , 33.5118639",8803.933044433588,0,[]
160,4226935554,33.5447978,-7.5830327,my Fuel Station,node,Fuel Station,100,,9.0,"Fuel Station my Fuel Station at -7.5830327 , 33.5447978",79431.615234375,4,"[43, 136, 137, 151]"
161,4335454889,33.6039884,-7.492582,station Afriquia al azhar,node,Fuel Station,1500,,6.0,"Fuel Station station Afriquia al azhar at -7.492582 , 33.6039884",44533.6875,2,"[38, 90]"
162,4617180987,33.5282171,-7.4941711,my Fuel Station,node,Fuel Station,100,,8.0,"Fuel Station my Fuel Station at -7.4941711 , 33.5282171",9115.63110351562,0,[]
163,4650112600,33.5047862,-7.7440845,my Fuel Station,node,Fuel Station,100,,3.0,"Fuel Station my Fuel Station at -7.7440845 , 33.5047862",2692.866058349609,0,[]
164,4879032221,33.5994768,-7.6132333,Gare de Casablanca,node,Fuel Station,2000,,4.0,"Fuel Station Gare de Casablanca at -7.6132333 , 33.5994768",42547.56494140625,7,"[33, 51, 53, 60, 69, 213, 218]"
165,5081987821,33.5380991,-7.7176864,Afriquia ,node,Fuel Station,1500,,5.0,"Fuel Station Afriquia أفريقيا at -7.7176864 , 33.5380991",24883.44775390625,2,"[68, 186]"
166,5291826284,33.578109,-7.5528897,my Fuel Station,node,Fuel Station,100,,0.0,"Fuel Station my Fuel Station at -7.5528897 , 33.578109",86019.0703125,3,"[74, 99, 167]"
167,5291827951,33.5738358,-7.5541675,Shell,node,Fuel Station,1500,,0.0,"Fuel Station Shell at -7.5541675 , 33.5738358",152963.548828125,2,"[99, 166]"
168,5542854912,33.5402019,-7.6003164,my Fuel Station,node,Fuel Station,100,,9.0,"Fuel Station my Fuel Station at -7.6003164 , 33.5402019",86846.49609375,2,"[42, 44]"
169,5551251276,33.5097981,-7.6307589,Petrom ,node,Fuel Station,1500,,7.0,"Fuel Station Petrom بتروم at -7.6307589 , 33.5097981",25691.798828125,5,"[135, 193, 194, 195, 196]"
170,5581600705,33.5675851,-7.5823165,Shell ,node,Fuel Station,1500,,4.0,"Fuel Station Shell شل at -7.5823165 , 33.5675851",59287.849609375,2,"[101, 156]"
171,5625470387,33.5771499,-7.5878003,my Fuel Station,node,Fuel Station,100,,4.0,"Fuel Station my Fuel Station at -7.5878003 , 33.5771499",38915.1103515625,2,"[24, 29]"
172,5627642655,33.5897715,-7.5965725,Oilibya,node,Fuel Station,500,,4.0,"Fuel Station Oilibya at -7.5965725 , 33.5897715",74307.9140625,23,"[1, 23, 34, 48, 55, 63, 64, 86, 89, 111, 112, 113, 114, 120, 122, 123, 124, 125, 127, 128, 129, 190, 224]"
173,5633937655,33.5878069,-7.6159032,Winxo,node,Fuel Station,500,,4.0,"Fuel Station Winxo at -7.6159032 , 33.5878069",26931.63134765625,12,"[35, 41, 57, 58, 59, 60, 82, 93, 109, 203, 218, 222]"
174,5635622767,33.58582,-7.5843591,Shell ,node,Fuel Station,1500,,4.0,"Fuel Station Shell شل at -7.5843591 , 33.58582",49007.8310546875,7,"[24, 29, 34, 48, 123, 141, 224]"
175,5638416375,33.5716067,-7.5996778,Winxo,node,Fuel Station,500,,4.0,"Fuel Station Winxo at -7.5996778 , 33.5716067",27619.3916015625,2,"[108, 139]"
176,5640585943,33.57716,-7.615592,Oilibya,node,Fuel Station,500,,4.0,"Fuel Station Oilibya at -7.615592 , 33.57716",33343.70556640625,16,"[16, 17, 28, 82, 92, 93, 94, 95, 96, 97, 98, 108, 154, 177, 178, 203]"
177,5640585944,33.5734761,-7.6149564,Shell,node,Fuel Station,1500,,4.0,"Fuel Station Shell شل at -7.6149564 , 33.5734761",42074.31494140625,10,"[16, 17, 28, 96, 97, 98, 108, 154, 176, 178]"
178,5640585945,33.572219,-7.6141208,Total,node,Fuel Station,1500,,4.0,"Fuel Station Total طوطال at -7.6141208 , 33.572219",33945.71923828125,7,"[16, 17, 28, 108, 154, 176, 177]"
179,5641864368,33.5835911,-7.6050094,Shell ,node,Fuel Station,1500,,4.0,"Fuel Station Shell شل at -7.6050094 , 33.5835911",47919.14453125,14,"[23, 35, 41, 55, 57, 58, 64, 113, 114, 120, 121, 122, 124, 125]"
180,5642305374,33.5636135,-7.6337291,Ziz,node,Fuel Station,500,,1.0,"Fuel Station Ziz at -7.6337291 , 33.5636135",40949.58203125,1,[80]
181,5648539786,33.5033322,-7.6591383,my Fuel Station,node,Fuel Station,100,,7.0,"Fuel Station my Fuel Station at -7.6591383 , 33.5033322",21671.04125976562,1,[133]
182,5650485116,33.4498437,-7.5179838,my Fuel Station,node,Fuel Station,100,,2.0,"Fuel Station my Fuel Station at -7.5179838 , 33.4498437",27482.24096679688,3,"[118, 184, 199]"
183,5650485237,33.4307971,-7.5229345,my Fuel Station,node,Fuel Station,100,,2.0,"Fuel Station my Fuel Station at -7.5229345 , 33.4307971",4526.433868408197,1,[117]
184,5652120330,33.4541136,-7.5211152,my Fuel Station,node,Fuel Station,100,,2.0,"Fuel Station my Fuel Station at -7.5211152 , 33.4541136",24284.49688720704,3,"[118, 182, 199]"
185,5670372144,33.566709,-7.6766458,Afriquia,node,Fuel Station,1500,,1.0,"Fuel Station Afriquia أفريقيا at -7.6766458 , 33.566709",35535.6572265625,0,[]
186,5683397713,33.5341064,-7.7238849,Petromin Oils,node,Fuel Station,1500,,5.0,"Fuel Station Petromin Oils at -7.7238849 , 33.5341064",33099.212890625,2,"[68, 165]"
187,5694034965,33.669425,-7.4421759,my Fuel Station,node,Fuel Station,100,,6.0,"Fuel Station my Fuel Station at -7.4421759 , 33.669425",0.0,0,[]
188,5732872739,33.5123915,-7.701579,my Fuel Station,node,Fuel Station,1000,,5.0,"Fuel Station my Fuel Station at -7.701579 , 33.5123915",14326.41857910156,0,[]
189,6147524473,33.4780755,-7.7558921,Petromin oil,node,Fuel Station,1500,,3.0,"Fuel Station Petromin oil at -7.7558921 , 33.4780755",1879.3512573242192,1,[144]
190,6411404062,33.5958156,-7.6006599,Shell ,node,Fuel Station,1500,,4.0,"Fuel Station Shell شل at -7.6006599 , 33.5958156",49618.3466796875,17,"[1, 34, 60, 63, 69, 86, 89, 111, 112, 113, 114, 124, 125, 127, 128, 129, 172]"
191,6474152133,33.5194105,-7.6933359,my Fuel Station,node,Fuel Station,100,,5.0,"Fuel Station my Fuel Station at -7.6933359 , 33.5194105",12223.36437988281,0,[]
192,6474152379,33.4851447,-7.6722805,my Fuel Station,node,Fuel Station,100,,7.0,"Fuel Station my Fuel Station at -7.6722805 , 33.4851447",5503.634643554678,2,"[146, 147]"
193,6593075832,33.5063539,-7.6314093,Shell ,node,Fuel Station,1500,,7.0,"Fuel Station Shell شل at -7.6314093 , 33.5063539",29577.41162109375,5,"[135, 169, 194, 195, 196]"
194,6593075835,33.5093765,-7.6313264,Petrom,node,Fuel Station,1500,,7.0,"Fuel Station Petrom بتروم at -7.6313264 , 33.5093765",29931.51953125,5,"[135, 169, 193, 195, 196]"
195,6593075836,33.5095476,-7.6318077,Petrom,node,Fuel Station,1500,,7.0,"Fuel Station Petrom بتروم at -7.6318077 , 33.5095476",29931.51953125,5,"[135, 169, 193, 194, 196]"
196,6593094659,33.5134999,-7.6316073,Afriquia,node,Fuel Station,1500,,7.0,"Fuel Station Afriquia أفريقيا at -7.6316073 , 33.5134999",25035.01904296875,5,"[135, 169, 193, 194, 195]"
197,6593094660,33.4874825,-7.6338318,Petromine Bouskoura,node,Fuel Station,1500,,7.0,"Fuel Station Petromine Bouskoura at -7.6338318 , 33.4874825",16759.087890625,0,[]
198,6974317034,33.4662505,-7.5141552,my Fuel Station,node,Fuel Station,100,,2.0,"Fuel Station my Fuel Station at -7.5141552 , 33.4662505",8183.910827636724,1,[148]
199,6976675121,33.4569214,-7.5214191,my Fuel Station,node,Fuel Station,100,,2.0,"Fuel Station my Fuel Station at -7.5214191 , 33.4569214",23507.236389160164,3,"[118, 182, 184]"
200,7171037485,33.5536408,-7.5916834,my Fuel Station,node,Fuel Station,100,,9.0,"Fuel Station my Fuel Station at -7.5916834 , 33.5536408",67890.2509765625,1,[42]
201,8391233250,33.5661757,-7.5059259,my Fuel Station,node,Fuel Station,100,,0.0,"Fuel Station my Fuel Station at -7.5059259 , 33.5661757",214923.419921875,0,[]
202,8401207100,33.5175058,-7.7579516,my Fuel Station,node,Fuel Station,100,,3.0,"Fuel Station my Fuel Station at -7.7579516 , 33.5175058",4303.695068359373,0,[]
203,9620906356,33.5831242,-7.6231905,Station-service Winxo,node,Fuel Station,500,,1.0,"Fuel Station Station-service Winxo at -7.6231905 , 33.5831242",34203.28076171875,16,"[30, 40, 82, 92, 93, 94, 95, 96, 97, 98, 106, 153, 173, 176, 221, 222]"
204,10169627382,33.6206902,-7.4572487,my Fuel Station,node,Fuel Station,100,,6.0,"Fuel Station my Fuel Station at -7.4572487 , 33.6206902",12805.8046875,1,[206]
205,10169627390,33.6021731,-7.4675277,my Fuel Station,node,Fuel Station,100,,6.0,"Fuel Station my Fuel Station at -7.4675277 , 33.6021731",103714.328125,0,[]
206,10169627398,33.6222385,-7.4549535,my Fuel Station,node,Fuel Station,100,,6.0,"Fuel Station my Fuel Station at -7.4549535 , 33.6222385",12805.8046875,1,[204]
207,10628065655,33.4908342,-7.5825205,my Fuel Station,node,Fuel Station,100,,9.0,"Fuel Station my Fuel Station at -7.5825205 , 33.4908342",6259.995910644536,0,[]
208,10628127912,33.517846,-7.6102363,my Fuel Station,node,Fuel Station,100,,9.0,"Fuel Station my Fuel Station at -7.6102363 , 33.517846",13960.50073242187,1,[143]
209,10709086430,33.4980671,-7.5039893,my Fuel Station,node,Fuel Station,100,,8.0,"Fuel Station my Fuel Station at -7.5039893 , 33.4980671",7712.813659667966,0,[]
210,10871648105,33.5058597,-7.7106339,my Fuel Station,node,Fuel Station,100,,5.0,"Fuel Station my Fuel Station at -7.7106339 , 33.5058597",14262.17724609375,0,[]
211,485910991,33.4613152,-7.6516631,Bouskoura oil,node,Gare station,500,,7.0,"Gare station Bouskoura بوسكورة at -7.6516631 , 33.4613152",13913.59594726563,0,[]
212,485940044,33.5175026,-7.6583805,Gare Ennassim,node,Gare station,500,,7.0,"Gare station Gare Ennassim at -7.6583805 , 33.5175026",41478.947265625,0,[]
213,2429582026,33.5993825,-7.6123131,Casa Port,node,Gare station,2500,,4.0,"Gare station Casa Port at -7.6123131 , 33.5993825",34029.005859375,8,"[33, 51, 53, 60, 69, 127, 164, 218]"
214,4352882592,33.5767396,-7.6364792,Casablanca-Maarif,node,Gare station,1500,,1.0,"Gare station Casablanca-Maârif at -7.6364792 , 33.5767396",39707.849609375,8,"[10, 52, 61, 83, 85, 134, 153, 220]"
215,5604704331,33.5532527,-7.6571082,Anfa Sud,node,Gare station,1000,,1.0,"Gare station Anfa Sud at -7.6571082 , 33.5532527",34043.97216796875,1,[219]
216,5604704357,33.5632426,-7.6586212,Anfa Centre,node,Gare station,1000,,1.0,"Gare station Anfa Centre at -7.6586212 , 33.5632426",30926.2236328125,1,[88]
217,6205364396,33.5719544,-7.6479067,my Station,node,Gare station,500,,1.0,"Gare station my Station at -7.6479067 , 33.5719544",36494.466796875,9,"[18, 19, 20, 45, 52, 84, 85, 88, 107]"
218,6205364422,33.595345,-7.6183219,Place des Nations-Unies,node,Gare station,1500,,4.0,"Gare station Place des Nations-Unies at -7.6183219 , 33.595345",18769.2939453125,15,"[25, 26, 33, 35, 51, 53, 58, 59, 60, 100, 109, 164, 173, 213, 222]"
219,6205371669,33.5501636,-7.6519513,my Station,node,Gare station,500,,1.0,"Gare station my Station at -7.6519513 , 33.5501636",28503.314453125,1,[215]
220,6205371670,33.579126,-7.6361947,my Station,node,Gare station,500,,1.0,"Gare station my Station at -7.6361947 , 33.579126",34726.6845703125,9,"[10, 52, 61, 83, 85, 134, 153, 214, 221]"
221,6205371671,33.5855888,-7.6295962,my Station,node,Gare station,500,,1.0,"Gare station my Station at -7.6295962 , 33.5855888",24667.48974609375,17,"[4, 30, 40, 61, 82, 92, 93, 94, 95, 96, 100, 106, 134, 153, 203, 220, 222]"
222,6205371672,33.5896049,-7.6258831,my Station,node,Gare station,500,,1.0,"Gare station my Station at -7.6258831 , 33.5896049",20659.49951171875,14,"[25, 26, 27, 30, 40, 82, 100, 106, 115, 116, 173, 203, 218, 221]"
223,6205371673,33.6061756,-7.5732731,my Station,node,Gare station,500,,4.0,"Gare station my Station at -7.5732731 , 33.6061756",42877.693359375,2,"[7, 110]"
224,7055155496,33.5903553,-7.5896849,Casa Voyageurs,node,Gare station,2500,,4.0,"Gare station Casa Voyageurs at -7.5896849 , 33.5903553",79778.3779296875,17,"[1, 23, 24, 34, 48, 86, 89, 111, 112, 114, 123, 124, 128, 141, 145, 172, 174]"
