,X,Y,Z,Cluster,ClusterZ
111802,-7.4304166384129,33.6954167246752,3016.727294921875,3,0
111803,-7.422083305112899,33.6954167246752,3314.03515625,3,0
111804,-7.4137499718129,33.6954167246752,2474.078125,3,0
112488,-7.438749971712901,33.6870833913752,3675.7958984375,3,0
112489,-7.4304166384129,33.6870833913752,4756.00634765625,3,3
112490,-7.422083305112899,33.6870833913752,5018.0087890625,0,3
112491,-7.4137499718129,33.6870833913752,3290.739990234375,3,0
113178,-7.4470833050128995,33.678750058075195,3606.40234375,3,0
113179,-7.438749971712901,33.678750058075195,5770.8056640625,0,3
113180,-7.4304166384129,33.678750058075195,8306.0625,0,3
113181,-7.422083305112899,33.678750058075195,8133.35498046875,0,3
113182,-7.4137499718129,33.678750058075195,6233.27880859375,0,3
113875,-7.463749971612899,33.670416724775194,4043.069580078125,3,0
113876,-7.455416638312901,33.670416724775194,3792.62841796875,3,0
113877,-7.4470833050128995,33.670416724775194,4550.8466796875,3,0
113878,-7.438749971712901,33.670416724775194,8585.646484375,0,3
113879,-7.4304166384129,33.670416724775194,6453.4072265625,0,3
113880,-7.422083305112899,33.670416724775194,7125.7216796875,0,3
113881,-7.4137499718129,33.670416724775194,6177.330078125,0,3
114574,-7.472083304912899,33.6620833914752,4216.47509765625,3,0
114575,-7.463749971612899,33.6620833914752,4870.86669921875,3,3
114576,-7.455416638312901,33.6620833914752,5395.5205078125,0,3
114577,-7.4470833050128995,33.6620833914752,6164.5234375,0,3
114578,-7.438749971712901,33.6620833914752,8937.5263671875,0,3
114579,-7.4304166384129,33.6620833914752,3987.7998046875,3,0
114580,-7.422083305112899,33.6620833914752,3488.62109375,3,0
114581,-7.4137499718129,33.6620833914752,7365.83935546875,0,3
115274,-7.480416638212899,33.6537500581752,7025.146484375,0,3
115275,-7.472083304912899,33.6537500581752,6051.76123046875,0,3
115276,-7.463749971612899,33.6537500581752,5818.66259765625,0,3
115277,-7.455416638312901,33.6537500581752,4592.57080078125,3,0
115278,-7.4470833050128995,33.6537500581752,4682.56689453125,3,0
115279,-7.438749971712901,33.6537500581752,4693.32080078125,3,0
115280,-7.4304166384129,33.6537500581752,2139.832763671875,3,0
115281,-7.422083305112899,33.6537500581752,3019.663818359375,3,0
115282,-7.4137499718129,33.6537500581752,4980.154296875,0,3
115976,-7.497083304812899,33.6454167248752,3625.53466796875,3,0
115977,-7.488749971512899,33.6454167248752,4091.246826171875,3,0
115978,-7.480416638212899,33.6454167248752,7673.0283203125,0,3
115979,-7.472083304912899,33.6454167248752,9236.48828125,0,3
115980,-7.463749971612899,33.6454167248752,4493.365234375,3,0
115981,-7.455416638312901,33.6454167248752,5598.7802734375,0,3
115982,-7.4470833050128995,33.6454167248752,7200.28271484375,0,3
115983,-7.438749971712901,33.6454167248752,4508.4013671875,3,0
115984,-7.4304166384129,33.6454167248752,3822.868896484375,3,0
115985,-7.422083305112899,33.6454167248752,4219.86181640625,3,0
115986,-7.4137499718129,33.6454167248752,2951.39404296875,3,0
116680,-7.513749971412899,33.637083391575196,2962.1552734375,3,0
116681,-7.505416638112899,33.637083391575196,3432.9814453125,3,0
116682,-7.497083304812899,33.637083391575196,4260.72509765625,3,0
116683,-7.488749971512899,33.637083391575196,4159.439453125,3,0
116684,-7.480416638212899,33.637083391575196,6591.6181640625,0,3
116685,-7.472083304912899,33.637083391575196,11304.1259765625,0,3
116686,-7.463749971612899,33.637083391575196,8470.0078125,0,3
116687,-7.455416638312901,33.637083391575196,12864.20703125,2,2
116688,-7.4470833050128995,33.637083391575196,12722.8564453125,2,2
116689,-7.438749971712901,33.637083391575196,9392.1337890625,0,3
116690,-7.4304166384129,33.637083391575196,6150.3310546875,0,3
116691,-7.422083305112899,33.637083391575196,4508.1865234375,3,0
116692,-7.4137499718129,33.637083391575196,3328.422119140625,3,0
117387,-7.522083304712899,33.628750058275195,3062.701171875,3,0
117388,-7.513749971412899,33.628750058275195,4463.67626953125,3,0
117389,-7.505416638112899,33.628750058275195,6810.99951171875,0,3
117390,-7.497083304812899,33.628750058275195,5440.60595703125,0,3
117391,-7.488749971512899,33.628750058275195,4163.65087890625,3,0
117392,-7.480416638212899,33.628750058275195,4746.54638671875,3,3
117393,-7.472083304912899,33.628750058275195,8986.84765625,0,3
117394,-7.463749971612899,33.628750058275195,14269.8701171875,2,2
117395,-7.455416638312901,33.628750058275195,12958.2587890625,2,2
117396,-7.4470833050128995,33.628750058275195,11769.6689453125,0,3
117397,-7.438749971712901,33.628750058275195,8024.1416015625,0,3
117398,-7.4304166384129,33.628750058275195,6643.22509765625,0,3
117399,-7.422083305112899,33.628750058275195,3293.6533203125,3,0
117400,-7.4137499718129,33.628750058275195,2894.371826171875,3,0
118096,-7.597083304412899,33.6204167249752,2412.39990234375,3,0
118097,-7.588749971112899,33.6204167249752,1406.89990234375,3,0
118098,-7.5554166379128995,33.6204167249752,7358.9443359375,0,3
118099,-7.5470833046129,33.6204167249752,8384.1708984375,0,3
118100,-7.5387499713129,33.6204167249752,4399.8056640625,3,0
118101,-7.530416638012899,33.6204167249752,4262.3203125,3,0
118102,-7.522083304712899,33.6204167249752,4704.033203125,3,0
118103,-7.513749971412899,33.6204167249752,6238.64697265625,0,3
118104,-7.505416638112899,33.6204167249752,7396.54052734375,0,3
118105,-7.497083304812899,33.6204167249752,6676.37060546875,0,3
118106,-7.488749971512899,33.6204167249752,8085.80078125,0,3
118107,-7.480416638212899,33.6204167249752,8360.904296875,0,3
118108,-7.472083304912899,33.6204167249752,6155.3994140625,0,3
118109,-7.463749971612899,33.6204167249752,12805.8046875,2,2
118110,-7.455416638312901,33.6204167249752,8300.13671875,0,3
118111,-7.4470833050128995,33.6204167249752,13826.6904296875,2,2
118112,-7.438749971712901,33.6204167249752,10853.732421875,0,3
118113,-7.4304166384129,33.6204167249752,3535.1669921875,3,0
118114,-7.422083305112899,33.6204167249752,1631.0845947265625,3,0
118115,-7.4137499718129,33.6204167249752,1484.9547119140625,3,0
118813,-7.655416637512899,33.6120833916752,2110.320556640625,3,0
118814,-7.6470833042129,33.6120833916752,1807.0125732421875,3,0
118815,-7.638749970912899,33.6120833916752,1726.111572265625,3,0
118816,-7.630416637612899,33.6120833916752,1889.3148193359373,3,0
118817,-7.622083304312899,33.6120833916752,2228.443603515625,3,0
118818,-7.613749971012899,33.6120833916752,2281.85009765625,3,0
118819,-7.605416637712899,33.6120833916752,2642.830322265625,3,0
118820,-7.597083304412899,33.6120833916752,5328.86474609375,0,3
118821,-7.588749971112899,33.6120833916752,5465.9228515625,0,3
118822,-7.580416637812899,33.6120833916752,6967.7978515625,0,3
118823,-7.5720833045128995,33.6120833916752,7580.828125,0,3
118824,-7.563749971212901,33.6120833916752,10898.6962890625,0,3
118825,-7.5554166379128995,33.6120833916752,13364.376953125,2,2
118826,-7.5470833046129,33.6120833916752,15078.7421875,2,2
118827,-7.5387499713129,33.6120833916752,8712.830078125,0,3
118828,-7.530416638012899,33.6120833916752,7212.4306640625,0,3
118829,-7.522083304712899,33.6120833916752,7956.8740234375,0,3
118830,-7.513749971412899,33.6120833916752,7957.42138671875,0,3
118831,-7.505416638112899,33.6120833916752,8574.4013671875,0,3
118832,-7.497083304812899,33.6120833916752,9779.12890625,0,3
118833,-7.488749971512899,33.6120833916752,11009.6494140625,0,3
118834,-7.480416638212899,33.6120833916752,9176.97265625,0,3
118835,-7.472083304912899,33.6120833916752,5066.08251953125,0,3
118836,-7.463749971612899,33.6120833916752,14385.1640625,2,2
118837,-7.455416638312901,33.6120833916752,14335.9833984375,2,2
118838,-7.4470833050128995,33.6120833916752,11701.7802734375,0,3
118839,-7.438749971712901,33.6120833916752,3851.9736328125,3,0
118840,-7.4304166384129,33.6120833916752,3090.689208984375,3,0
118841,-7.422083305112899,33.6120833916752,3301.968017578125,3,0
118842,-7.4137499718129,33.6120833916752,1546.4393310546875,3,0
119541,-7.6637499708128995,33.6037500583752,2361.397216796875,3,0
119542,-7.655416637512899,33.6037500583752,2687.283935546875,3,0
119543,-7.6470833042129,33.6037500583752,2495.716064453125,3,0
119544,-7.638749970912899,33.6037500583752,2749.33935546875,3,0
119545,-7.630416637612899,33.6037500583752,3435.51318359375,3,0
119546,-7.622083304312899,33.6037500583752,3507.79296875,3,0
119547,-7.613749971012899,33.6037500583752,4229.40771484375,3,0
119548,-7.605416637712899,33.6037500583752,8811.673828125,0,3
119549,-7.597083304412899,33.6037500583752,7929.7841796875,0,3
119550,-7.588749971112899,33.6037500583752,9851.1865234375,0,3
119551,-7.580416637812899,33.6037500583752,11236.4365234375,0,3
119552,-7.5720833045128995,33.6037500583752,14554.6279296875,2,2
119553,-7.563749971212901,33.6037500583752,17086.62890625,2,2
119554,-7.5554166379128995,33.6037500583752,16470.880859375,2,2
119555,-7.5470833046129,33.6037500583752,16202.951171875,2,2
119556,-7.5387499713129,33.6037500583752,13279.072265625,2,2
119557,-7.530416638012899,33.6037500583752,12085.884765625,0,3
119558,-7.522083304712899,33.6037500583752,15430.08203125,2,2
119559,-7.513749971412899,33.6037500583752,12478.12109375,0,2
119560,-7.505416638112899,33.6037500583752,10316.2626953125,0,3
119561,-7.497083304812899,33.6037500583752,11612.2607421875,0,3
119562,-7.488749971512899,33.6037500583752,12132.6484375,0,3
119563,-7.480416638212899,33.6037500583752,12751.4619140625,2,2
119564,-7.472083304912899,33.6037500583752,45657.1328125,1,1
119565,-7.463749971612899,33.6037500583752,28902.25390625,1,1
119566,-7.455416638312901,33.6037500583752,13523.6376953125,2,2
119567,-7.4470833050128995,33.6037500583752,3843.57666015625,3,0
119568,-7.438749971712901,33.6037500583752,2829.782958984375,3,0
119569,-7.4304166384129,33.6037500583752,2176.2197265625,3,0
119570,-7.422083305112899,33.6037500583752,2645.791015625,3,0
119571,-7.4137499718129,33.6037500583752,1346.0477294921875,3,0
120269,-7.6804166374128995,33.5954167250752,2454.279541015625,3,0
120270,-7.672083304112901,33.5954167250752,2530.200927734375,3,0
120271,-7.6637499708128995,33.5954167250752,3140.322509765625,3,0
120272,-7.655416637512899,33.5954167250752,3378.7099609375,3,0
120273,-7.6470833042129,33.5954167250752,3131.77880859375,3,0
120274,-7.638749970912899,33.5954167250752,4357.2255859375,3,0
120275,-7.630416637612899,33.5954167250752,5326.73779296875,0,3
120276,-7.622083304312899,33.5954167250752,5010.76611328125,0,3
120277,-7.613749971012899,33.5954167250752,5632.12548828125,0,3
120278,-7.605416637712899,33.5954167250752,15355.798828125,2,2
120279,-7.597083304412899,33.5954167250752,17521.08984375,2,2
120280,-7.588749971112899,33.5954167250752,18344.68359375,2,2
120281,-7.580416637812899,33.5954167250752,18082.748046875,2,2
120282,-7.5720833045128995,33.5954167250752,17739.880859375,2,2
120283,-7.563749971212901,33.5954167250752,11215.6650390625,0,3
120284,-7.5554166379128995,33.5954167250752,8130.42138671875,0,3
120285,-7.5470833046129,33.5954167250752,10439.3154296875,0,3
120286,-7.5387499713129,33.5954167250752,12866.5107421875,2,2
120287,-7.530416638012899,33.5954167250752,16277.654296875,2,2
120288,-7.522083304712899,33.5954167250752,18477.99609375,2,2
120289,-7.513749971412899,33.5954167250752,13792.296875,2,2
120290,-7.505416638112899,33.5954167250752,19483.970703125,2,2
120291,-7.497083304812899,33.5954167250752,22116.978515625,2,2
120292,-7.488749971512899,33.5954167250752,29274.2734375,1,1
120293,-7.480416638212899,33.5954167250752,66255.34375,4,4
120294,-7.472083304912899,33.5954167250752,58057.1953125,4,4
120295,-7.463749971612899,33.5954167250752,20244.76953125,2,2
120296,-7.455416638312901,33.5954167250752,4661.83837890625,3,0
120297,-7.4470833050128995,33.5954167250752,1943.691162109375,3,0
120298,-7.438749971712901,33.5954167250752,1399.59521484375,3,0
120299,-7.4304166384129,33.5954167250752,975.77880859375,3,0
120300,-7.422083305112899,33.5954167250752,1186.354248046875,3,0
120301,-7.4137499718129,33.5954167250752,888.8413696289062,3,0
120999,-7.705416637312899,33.587083391775195,1406.2666015625,3,0
121000,-7.697083304012899,33.587083391775195,2139.995849609375,3,0
121001,-7.688749970712899,33.587083391775195,2650.763427734375,3,0
121002,-7.6804166374128995,33.587083391775195,3038.3798828125,3,0
121003,-7.672083304112901,33.587083391775195,3311.6630859375,3,0
121004,-7.6637499708128995,33.587083391775195,3465.432861328125,3,0
121005,-7.655416637512899,33.587083391775195,2919.55224609375,3,0
121006,-7.6470833042129,33.587083391775195,3975.166748046875,3,0
121007,-7.638749970912899,33.587083391775195,5629.0615234375,0,3
121008,-7.630416637612899,33.587083391775195,5703.38623046875,0,3
121009,-7.622083304312899,33.587083391775195,4618.609375,3,0
121010,-7.613749971012899,33.587083391775195,7036.2568359375,0,3
121011,-7.605416637712899,33.587083391775195,9644.6396484375,0,3
121012,-7.597083304412899,33.587083391775195,13690.470703125,2,2
121013,-7.588749971112899,33.587083391775195,15107.0302734375,2,2
121014,-7.580416637812899,33.587083391775195,15115.103515625,2,2
121015,-7.5720833045128995,33.587083391775195,15789.3017578125,2,2
121016,-7.563749971212901,33.587083391775195,14561.892578125,2,2
121017,-7.5554166379128995,33.587083391775195,10971.103515625,0,3
121018,-7.5470833046129,33.587083391775195,11643.37890625,0,3
121019,-7.5387499713129,33.587083391775195,12785.5751953125,2,2
121020,-7.530416638012899,33.587083391775195,16394.78125,2,2
121021,-7.522083304712899,33.587083391775195,21341.5546875,2,2
121022,-7.513749971412899,33.587083391775195,21721.111328125,2,2
121023,-7.505416638112899,33.587083391775195,41710.765625,1,1
121024,-7.497083304812899,33.587083391775195,48445.828125,4,4
121025,-7.488749971512899,33.587083391775195,50471.03125,4,4
121026,-7.480416638212899,33.587083391775195,55318.703125,4,4
121027,-7.472083304912899,33.587083391775195,30472.4140625,1,1
121028,-7.463749971612899,33.587083391775195,5423.40869140625,0,3
121029,-7.455416638312901,33.587083391775195,1555.1796875,3,0
121030,-7.4470833050128995,33.587083391775195,1096.584228515625,3,0
121031,-7.438749971712901,33.587083391775195,531.6610717773438,3,0
121032,-7.4304166384129,33.587083391775195,427.5659790039063,3,0
121033,-7.422083305112899,33.587083391775195,547.7141723632812,3,0
121034,-7.4137499718129,33.587083391775195,457.7637634277344,3,0
121732,-7.713749970612899,33.578750058475194,2453.720458984375,3,0
121733,-7.705416637312899,33.578750058475194,2456.577392578125,3,0
121734,-7.697083304012899,33.578750058475194,3231.65380859375,3,0
121735,-7.688749970712899,33.578750058475194,3778.02783203125,3,0
121736,-7.6804166374128995,33.578750058475194,4438.88916015625,3,0
121737,-7.672083304112901,33.578750058475194,4273.50439453125,3,0
121738,-7.6637499708128995,33.578750058475194,4187.564453125,3,0
121739,-7.655416637512899,33.578750058475194,5925.84716796875,0,3
121740,-7.6470833042129,33.578750058475194,7121.5595703125,0,3
121741,-7.638749970912899,33.578750058475194,9750.6923828125,0,3
121742,-7.630416637612899,33.578750058475194,8716.4326171875,0,3
121743,-7.622083304312899,33.578750058475194,8128.595703125,0,3
121744,-7.613749971012899,33.578750058475194,8349.216796875,0,3
121745,-7.605416637712899,33.578750058475194,8514.087890625,0,3
121746,-7.597083304412899,33.578750058475194,9198.560546875,0,3
121747,-7.588749971112899,33.578750058475194,8690.234375,0,3
121748,-7.580416637812899,33.578750058475194,10095.462890625,0,3
121749,-7.5720833045128995,33.578750058475194,7900.92626953125,0,3
121750,-7.563749971212901,33.578750058475194,15551.771484375,2,2
121751,-7.5554166379128995,33.578750058475194,25576.9609375,2,2
121752,-7.5470833046129,33.578750058475194,20113.7265625,2,2
121753,-7.5387499713129,33.578750058475194,16874.20703125,2,2
121754,-7.530416638012899,33.578750058475194,18084.818359375,2,2
121755,-7.522083304712899,33.578750058475194,30592.318359375,1,1
121756,-7.513749971412899,33.578750058475194,60722.37890625,4,4
121757,-7.505416638112899,33.578750058475194,49031.2734375,4,4
121758,-7.497083304812899,33.578750058475194,27707.98046875,1,1
121759,-7.488749971512899,33.578750058475194,25432.87890625,2,2
121760,-7.480416638212899,33.578750058475194,40144.28125,1,1
121761,-7.472083304912899,33.578750058475194,9245.6875,0,3
121762,-7.463749971612899,33.578750058475194,1189.6922607421875,3,0
121763,-7.455416638312901,33.578750058475194,1021.2548217773436,3,0
121764,-7.4470833050128995,33.578750058475194,670.1980590820312,3,0
121765,-7.438749971712901,33.578750058475194,401.0978393554688,3,0
121766,-7.4304166384129,33.578750058475194,236.1224670410156,3,0
121767,-7.422083305112899,33.578750058475194,401.379638671875,3,0
121768,-7.4137499718129,33.578750058475194,404.5645751953125,3,0
122467,-7.722083303912899,33.5704167251752,1326.849365234375,3,0
122468,-7.713749970612899,33.5704167251752,2089.233154296875,3,0
122469,-7.705416637312899,33.5704167251752,3476.0029296875,3,0
122470,-7.697083304012899,33.5704167251752,3817.241455078125,3,0
122471,-7.688749970712899,33.5704167251752,5202.14453125,0,3
122472,-7.6804166374128995,33.5704167251752,7412.763671875,0,3
122473,-7.672083304112901,33.5704167251752,9042.3662109375,0,3
122474,-7.6637499708128995,33.5704167251752,8524.01171875,0,3
122475,-7.655416637512899,33.5704167251752,8664.6103515625,0,3
122476,-7.6470833042129,33.5704167251752,10077.798828125,0,3
122477,-7.638749970912899,33.5704167251752,10630.498046875,0,3
122478,-7.630416637612899,33.5704167251752,10610.2265625,0,3
122479,-7.622083304312899,33.5704167251752,8805.341796875,0,3
122480,-7.613749971012899,33.5704167251752,8060.55126953125,0,3
122481,-7.605416637712899,33.5704167251752,8730.609375,0,3
122482,-7.597083304412899,33.5704167251752,9690.2216796875,0,3
122483,-7.588749971112899,33.5704167251752,10930.8525390625,0,3
122484,-7.580416637812899,33.5704167251752,17109.271484375,2,2
122485,-7.5720833045128995,33.5704167251752,16793.4296875,2,2
122486,-7.563749971212901,33.5704167251752,27654.283203125,1,1
122487,-7.5554166379128995,33.5704167251752,40328.3828125,1,1
122488,-7.5470833046129,33.5704167251752,39290.1953125,1,1
122489,-7.5387499713129,33.5704167251752,35990.0078125,1,1
122490,-7.530416638012899,33.5704167251752,54483.83984375,4,4
122491,-7.522083304712899,33.5704167251752,62425.9921875,4,4
122492,-7.513749971412899,33.5704167251752,54037.25390625,4,4
122493,-7.505416638112899,33.5704167251752,38162.40234375,1,1
122494,-7.497083304812899,33.5704167251752,33426.26171875,1,1
122495,-7.488749971512899,33.5704167251752,30296.96875,1,1
122496,-7.480416638212899,33.5704167251752,9659.490234375,0,3
122497,-7.472083304912899,33.5704167251752,496.4539184570313,3,0
122498,-7.463749971612899,33.5704167251752,1218.2943115234375,3,0
122499,-7.455416638312901,33.5704167251752,1233.195068359375,3,0
122500,-7.4470833050128995,33.5704167251752,800.7800903320312,3,0
122501,-7.438749971712901,33.5704167251752,443.98001098632807,3,0
122502,-7.4304166384129,33.5704167251752,258.0963134765625,3,0
122503,-7.422083305112899,33.5704167251752,366.21575927734375,3,0
122504,-7.4137499718129,33.5704167251752,400.236328125,3,0
123203,-7.738749970512899,33.5620833918752,1376.1622314453125,3,0
123204,-7.730416637212899,33.5620833918752,1861.1756591796875,3,0
123205,-7.722083303912899,33.5620833918752,2018.2535400390625,3,0
123206,-7.713749970612899,33.5620833918752,1855.6026611328125,3,0
123207,-7.705416637312899,33.5620833918752,2752.051513671875,3,0
123208,-7.697083304012899,33.5620833918752,6319.49169921875,0,3
123209,-7.688749970712899,33.5620833918752,7325.41357421875,0,3
123210,-7.6804166374128995,33.5620833918752,9426.9638671875,0,3
123211,-7.672083304112901,33.5620833918752,9653.5634765625,0,3
123212,-7.6637499708128995,33.5620833918752,7444.93115234375,0,3
123213,-7.655416637512899,33.5620833918752,6292.67041015625,0,3
123214,-7.6470833042129,33.5620833918752,8266.66796875,0,3
123215,-7.638749970912899,33.5620833918752,9687.3828125,0,3
123216,-7.630416637612899,33.5620833918752,10021.474609375,0,3
123217,-7.622083304312899,33.5620833918752,10977.8251953125,0,3
123218,-7.613749971012899,33.5620833918752,8495.2490234375,0,3
123219,-7.605416637712899,33.5620833918752,10075.6865234375,0,3
123220,-7.597083304412899,33.5620833918752,11399.43359375,0,3
123221,-7.588749971112899,33.5620833918752,12378.9443359375,0,2
123222,-7.580416637812899,33.5620833918752,18868.78125,2,2
123223,-7.5720833045128995,33.5620833918752,40569.73046875,1,1
123224,-7.563749971212901,33.5620833918752,45333.4375,1,1
123225,-7.5554166379128995,33.5620833918752,55101.54296875,4,4
123226,-7.5470833046129,33.5620833918752,57708.62109375,4,4
123227,-7.5387499713129,33.5620833918752,66911.296875,4,4
123228,-7.530416638012899,33.5620833918752,67327.8359375,4,4
123229,-7.522083304712899,33.5620833918752,44646.2734375,1,1
123230,-7.513749971412899,33.5620833918752,40011.30859375,1,1
123231,-7.505416638112899,33.5620833918752,29641.109375,1,1
123232,-7.497083304812899,33.5620833918752,19645.083984375,2,2
123233,-7.488749971512899,33.5620833918752,7825.146484375,0,3
123234,-7.480416638212899,33.5620833918752,1595.15771484375,3,0
123235,-7.472083304912899,33.5620833918752,1386.39111328125,3,0
123236,-7.463749971612899,33.5620833918752,1415.13427734375,3,0
123237,-7.455416638312901,33.5620833918752,2195.963134765625,3,0
123238,-7.4470833050128995,33.5620833918752,1676.23583984375,3,0
123239,-7.438749971712901,33.5620833918752,949.7765502929688,3,0
123240,-7.4304166384129,33.5620833918752,483.21109008789057,3,0
123241,-7.422083305112899,33.5620833918752,375.2874755859375,3,0
123242,-7.4137499718129,33.5620833918752,273.5585632324219,3,0
123942,-7.738749970512899,33.5537500585752,1803.0472412109373,3,0
123943,-7.730416637212899,33.5537500585752,1746.3125,3,0
123944,-7.722083303912899,33.5537500585752,2219.5498046875,3,0
123945,-7.713749970612899,33.5537500585752,2133.361572265625,3,0
123946,-7.705416637312899,33.5537500585752,4451.2587890625,3,0
123947,-7.697083304012899,33.5537500585752,9042.20703125,0,3
123948,-7.688749970712899,33.5537500585752,10564.9033203125,0,3
123949,-7.6804166374128995,33.5537500585752,9947.728515625,0,3
123950,-7.672083304112901,33.5537500585752,7121.46728515625,0,3
123951,-7.6637499708128995,33.5537500585752,6622.33740234375,0,3
123952,-7.655416637512899,33.5537500585752,5490.087890625,0,3
123953,-7.6470833042129,33.5537500585752,8289.5224609375,0,3
123954,-7.638749970912899,33.5537500585752,10854.4833984375,0,3
123955,-7.630416637612899,33.5537500585752,12581.2099609375,0,2
123956,-7.622083304312899,33.5537500585752,13334.40234375,2,2
123957,-7.613749971012899,33.5537500585752,10937.9462890625,0,3
123958,-7.605416637712899,33.5537500585752,12420.0732421875,0,2
123959,-7.597083304412899,33.5537500585752,13661.8388671875,2,2
123960,-7.588749971112899,33.5537500585752,16235.1455078125,2,2
123961,-7.580416637812899,33.5537500585752,22027.939453125,2,2
123962,-7.5720833045128995,33.5537500585752,25375.443359375,2,2
123963,-7.563749971212901,33.5537500585752,14707.0869140625,2,2
123964,-7.5554166379128995,33.5537500585752,41480.11328125,1,1
123965,-7.5470833046129,33.5537500585752,57819.68359375,4,4
123966,-7.5387499713129,33.5537500585752,45243.8046875,1,1
123967,-7.530416638012899,33.5537500585752,37545.20703125,1,1
123968,-7.522083304712899,33.5537500585752,21160.072265625,2,2
123969,-7.513749971412899,33.5537500585752,28291.337890625,1,1
123970,-7.505416638112899,33.5537500585752,11296.759765625,0,3
123971,-7.497083304812899,33.5537500585752,4350.6357421875,3,0
123972,-7.488749971512899,33.5537500585752,7569.27099609375,0,3
123973,-7.480416638212899,33.5537500585752,7025.15673828125,0,3
123974,-7.472083304912899,33.5537500585752,2658.13916015625,3,0
123975,-7.463749971612899,33.5537500585752,1655.1163330078125,3,0
123976,-7.455416638312901,33.5537500585752,1290.297119140625,3,0
123977,-7.4470833050128995,33.5537500585752,2578.63720703125,3,0
123978,-7.438749971712901,33.5537500585752,1003.88134765625,3,0
123979,-7.4304166384129,33.5537500585752,424.5511474609375,3,0
123980,-7.422083305112899,33.5537500585752,269.1156005859375,3,0
123981,-7.4137499718129,33.5537500585752,126.64884948730467,3,0
124683,-7.738749970512899,33.545416725275196,2584.24658203125,3,0
124684,-7.730416637212899,33.545416725275196,2668.90771484375,3,0
124685,-7.722083303912899,33.545416725275196,4333.17626953125,3,0
124686,-7.713749970612899,33.545416725275196,5508.65869140625,0,3
124687,-7.705416637312899,33.545416725275196,5070.92529296875,0,3
124688,-7.697083304012899,33.545416725275196,7524.1416015625,0,3
124689,-7.688749970712899,33.545416725275196,11091.1787109375,0,3
124690,-7.6804166374128995,33.545416725275196,12120.130859375,0,3
124691,-7.672083304112901,33.545416725275196,9866.6298828125,0,3
124692,-7.6637499708128995,33.545416725275196,8550.2265625,0,3
124693,-7.655416637512899,33.545416725275196,7349.35400390625,0,3
124694,-7.6470833042129,33.545416725275196,7374.35009765625,0,3
124695,-7.638749970912899,33.545416725275196,11956.3681640625,0,3
124696,-7.630416637612899,33.545416725275196,13794.2548828125,2,2
124697,-7.622083304312899,33.545416725275196,13793.4091796875,2,2
124698,-7.613749971012899,33.545416725275196,10953.8076171875,0,3
124699,-7.605416637712899,33.545416725275196,17040.771484375,2,2
124700,-7.597083304412899,33.545416725275196,22412.685546875,2,2
124701,-7.588749971112899,33.545416725275196,25614.322265625,2,2
124702,-7.580416637812899,33.545416725275196,29230.591796875,1,1
124703,-7.5720833045128995,33.545416725275196,23788.890625,2,2
124704,-7.563749971212901,33.545416725275196,10189.57421875,0,3
124705,-7.5554166379128995,33.545416725275196,20595.626953125,2,2
124706,-7.5470833046129,33.545416725275196,31732.564453125,1,1
124707,-7.5387499713129,33.545416725275196,43736.49609375,1,1
124708,-7.530416638012899,33.545416725275196,36645.59765625,1,1
124709,-7.522083304712899,33.545416725275196,9298.7119140625,0,3
124710,-7.513749971412899,33.545416725275196,7001.43994140625,0,3
124711,-7.505416638112899,33.545416725275196,3438.6884765625,3,0
124712,-7.497083304812899,33.545416725275196,3879.906982421875,3,0
124713,-7.488749971512899,33.545416725275196,6181.1201171875,0,3
124714,-7.480416638212899,33.545416725275196,4737.07470703125,3,3
124715,-7.472083304912899,33.545416725275196,2995.535888671875,3,0
124716,-7.463749971612899,33.545416725275196,816.2958984375,3,0
124717,-7.455416638312901,33.545416725275196,446.2454223632813,3,0
124718,-7.4470833050128995,33.545416725275196,386.90667724609375,3,0
124719,-7.438749971712901,33.545416725275196,419.8845825195313,3,0
124720,-7.4304166384129,33.545416725275196,269.9962158203125,3,0
124721,-7.422083305112899,33.545416725275196,190.2801055908203,3,0
124722,-7.4137499718129,33.545416725275196,132.24684143066406,3,0
125430,-7.738749970512899,33.537083391975195,4360.98046875,3,0
125431,-7.730416637212899,33.537083391975195,7135.1025390625,0,3
125432,-7.722083303912899,33.537083391975195,8710.1376953125,0,3
125433,-7.713749970612899,33.537083391975195,6331.47509765625,0,3
125434,-7.705416637312899,33.537083391975195,6413.42626953125,0,3
125435,-7.697083304012899,33.537083391975195,4896.85986328125,0,3
125436,-7.688749970712899,33.537083391975195,7942.64306640625,0,3
125437,-7.6804166374128995,33.537083391975195,11568.953125,0,3
125438,-7.672083304112901,33.537083391975195,12524.650390625,0,2
125439,-7.6637499708128995,33.537083391975195,8552.2177734375,0,3
125440,-7.655416637512899,33.537083391975195,7351.6708984375,0,3
125441,-7.6470833042129,33.537083391975195,9999.7900390625,0,3
125442,-7.638749970912899,33.537083391975195,12302.189453125,0,3
125443,-7.630416637612899,33.537083391975195,12948.375,2,2
125444,-7.622083304312899,33.537083391975195,16727.2890625,2,2
125445,-7.613749971012899,33.537083391975195,18779.19140625,2,2
125446,-7.605416637712899,33.537083391975195,22189.23046875,2,2
125447,-7.597083304412899,33.537083391975195,25203.80859375,2,2
125448,-7.588749971112899,33.537083391975195,24883.91015625,2,2
125449,-7.580416637812899,33.537083391975195,24586.701171875,2,2
125450,-7.5720833045128995,33.537083391975195,19517.42578125,2,2
125451,-7.563749971212901,33.537083391975195,8870.8662109375,0,3
125452,-7.5554166379128995,33.537083391975195,14794.7646484375,2,2
125453,-7.5470833046129,33.537083391975195,15098.3134765625,2,2
125454,-7.5387499713129,33.537083391975195,20317.529296875,2,2
125455,-7.530416638012899,33.537083391975195,21916.33984375,2,2
125456,-7.522083304712899,33.537083391975195,10887.9150390625,0,3
125457,-7.513749971412899,33.537083391975195,4640.5380859375,3,0
125458,-7.505416638112899,33.537083391975195,3261.960693359375,3,0
125459,-7.497083304812899,33.537083391975195,5340.505859375,0,3
125460,-7.488749971512899,33.537083391975195,5914.91650390625,0,3
125461,-7.480416638212899,33.537083391975195,2535.1259765625,3,0
125462,-7.472083304912899,33.537083391975195,1253.60302734375,3,0
125463,-7.463749971612899,33.537083391975195,239.7940673828125,3,0
125464,-7.455416638312901,33.537083391975195,163.6320648193359,3,0
125465,-7.4470833050128995,33.537083391975195,317.4412536621094,3,0
125466,-7.438749971712901,33.537083391975195,501.9446411132813,3,0
125467,-7.4304166384129,33.537083391975195,366.3913269042969,3,0
125468,-7.422083305112899,33.537083391975195,281.067138671875,3,0
125469,-7.4137499718129,33.537083391975195,180.72702026367188,3,0
126180,-7.738749970512899,33.5287500586752,6388.89453125,0,3
126181,-7.730416637212899,33.5287500586752,5579.8681640625,0,3
126182,-7.722083303912899,33.5287500586752,5342.62939453125,0,3
126183,-7.713749970612899,33.5287500586752,4153.056640625,3,0
126184,-7.705416637312899,33.5287500586752,3257.686767578125,3,0
126185,-7.697083304012899,33.5287500586752,4950.75341796875,0,3
126186,-7.688749970712899,33.5287500586752,6268.79150390625,0,3
126187,-7.6804166374128995,33.5287500586752,8808.60546875,0,3
126188,-7.672083304112901,33.5287500586752,11499.1416015625,0,3
126189,-7.6637499708128995,33.5287500586752,10335.9931640625,0,3
126190,-7.655416637512899,33.5287500586752,8290.6220703125,0,3
126191,-7.6470833042129,33.5287500586752,13104.7421875,2,2
126192,-7.638749970912899,33.5287500586752,12475.5341796875,0,2
126193,-7.630416637612899,33.5287500586752,8694.7333984375,0,3
126194,-7.622083304312899,33.5287500586752,10928.259765625,0,3
126195,-7.613749971012899,33.5287500586752,15148.052734375,2,2
126196,-7.605416637712899,33.5287500586752,8410.919921875,0,3
126197,-7.597083304412899,33.5287500586752,8576.7314453125,0,3
126198,-7.588749971112899,33.5287500586752,8871.3125,0,3
126199,-7.580416637812899,33.5287500586752,13463.0244140625,2,2
126200,-7.5720833045128995,33.5287500586752,16655.869140625,2,2
126201,-7.563749971212901,33.5287500586752,9089.146484375,0,3
126202,-7.5554166379128995,33.5287500586752,5449.08447265625,0,3
126203,-7.5470833046129,33.5287500586752,4922.03173828125,0,3
126204,-7.5387499713129,33.5287500586752,7425.52099609375,0,3
126205,-7.530416638012899,33.5287500586752,14312.8828125,2,2
126206,-7.522083304712899,33.5287500586752,15620.26171875,2,2
126207,-7.513749971412899,33.5287500586752,6756.79638671875,0,3
126208,-7.505416638112899,33.5287500586752,4484.58203125,3,0
126209,-7.497083304812899,33.5287500586752,3137.538330078125,3,0
126210,-7.488749971512899,33.5287500586752,3488.579345703125,3,0
126211,-7.480416638212899,33.5287500586752,1224.4461669921875,3,0
126212,-7.472083304912899,33.5287500586752,220.28976440429688,3,0
126213,-7.463749971612899,33.5287500586752,96.03232574462889,3,0
126214,-7.455416638312901,33.5287500586752,78.58419799804686,3,0
126215,-7.4470833050128995,33.5287500586752,125.10807037353516,3,0
126216,-7.438749971712901,33.5287500586752,253.73849487304688,3,0
126217,-7.4304166384129,33.5287500586752,277.54348754882807,3,0
126218,-7.422083305112899,33.5287500586752,288.806396484375,3,0
126219,-7.4137499718129,33.5287500586752,162.62417602539062,3,0
126932,-7.738749970512899,33.5204167253752,1899.3533935546875,3,0
126933,-7.730416637212899,33.5204167253752,1947.408935546875,3,0
126934,-7.722083303912899,33.5204167253752,3197.05908203125,3,0
126935,-7.713749970612899,33.5204167253752,3871.832763671875,3,0
126936,-7.705416637312899,33.5204167253752,3806.32958984375,3,0
126937,-7.697083304012899,33.5204167253752,3726.31640625,3,0
126938,-7.688749970712899,33.5204167253752,5044.6796875,0,3
126939,-7.6804166374128995,33.5204167253752,5978.51171875,0,3
126940,-7.672083304112901,33.5204167253752,9061.74609375,0,3
126941,-7.6637499708128995,33.5204167253752,10692.6474609375,0,3
126942,-7.655416637512899,33.5204167253752,13391.12890625,2,2
126943,-7.6470833042129,33.5204167253752,12828.1416015625,2,2
126944,-7.638749970912899,33.5204167253752,7541.01220703125,0,3
126945,-7.630416637612899,33.5204167253752,7173.58740234375,0,3
126946,-7.622083304312899,33.5204167253752,5751.9013671875,0,3
126947,-7.613749971012899,33.5204167253752,4428.52294921875,3,0
126948,-7.605416637712899,33.5204167253752,3618.923095703125,3,0
126949,-7.597083304412899,33.5204167253752,3470.723388671875,3,0
126950,-7.588749971112899,33.5204167253752,3618.565673828125,3,0
126951,-7.580416637812899,33.5204167253752,5061.482421875,0,3
126952,-7.5720833045128995,33.5204167253752,7092.6015625,0,3
126953,-7.563749971212901,33.5204167253752,8955.4677734375,0,3
126954,-7.5554166379128995,33.5204167253752,5852.48583984375,0,3
126955,-7.5470833046129,33.5204167253752,2908.685546875,3,0
126956,-7.5387499713129,33.5204167253752,1387.8914794921875,3,0
126957,-7.530416638012899,33.5204167253752,3413.662841796875,3,0
126958,-7.522083304712899,33.5204167253752,4698.5400390625,3,0
126959,-7.513749971412899,33.5204167253752,2552.751953125,3,0
126960,-7.505416638112899,33.5204167253752,2627.642578125,3,0
126961,-7.497083304812899,33.5204167253752,2489.513427734375,3,0
126962,-7.488749971512899,33.5204167253752,857.3482666015625,3,0
126963,-7.480416638212899,33.5204167253752,375.2461853027344,3,0
126964,-7.472083304912899,33.5204167253752,175.2989044189453,3,0
126965,-7.463749971612899,33.5204167253752,73.19937896728516,3,0
126966,-7.455416638312901,33.5204167253752,43.9456787109375,3,0
126967,-7.4470833050128995,33.5204167253752,54.26359939575195,3,0
126968,-7.438749971712901,33.5204167253752,97.6513214111328,3,0
126969,-7.4304166384129,33.5204167253752,128.9576416015625,3,0
126970,-7.422083305112899,33.5204167253752,166.60568237304688,3,0
126971,-7.4137499718129,33.5204167253752,124.0384521484375,3,0
127685,-7.738749970512899,33.5120833920752,459.9192810058594,3,0
127686,-7.730416637212899,33.5120833920752,604.095947265625,3,0
127687,-7.722083303912899,33.5120833920752,1470.762939453125,3,0
127688,-7.713749970612899,33.5120833920752,4928.31982421875,0,3
127689,-7.705416637312899,33.5120833920752,4933.2548828125,0,3
127690,-7.697083304012899,33.5120833920752,1860.5177001953125,3,0
127691,-7.688749970712899,33.5120833920752,1591.8505859375,3,0
127692,-7.6804166374128995,33.5120833920752,3796.239501953125,3,0
127693,-7.672083304112901,33.5120833920752,7423.72705078125,0,3
127694,-7.6637499708128995,33.5120833920752,8612.818359375,0,3
127695,-7.655416637512899,33.5120833920752,8782.3525390625,0,3
127696,-7.6470833042129,33.5120833920752,5688.2783203125,0,3
127697,-7.638749970912899,33.5120833920752,5370.2685546875,0,3
127698,-7.630416637612899,33.5120833920752,7696.69189453125,0,3
127699,-7.622083304312899,33.5120833920752,4794.47119140625,3,3
127700,-7.613749971012899,33.5120833920752,3143.950439453125,3,0
127701,-7.605416637712899,33.5120833920752,2769.104248046875,3,0
127702,-7.597083304412899,33.5120833920752,4067.214111328125,3,0
127703,-7.588749971112899,33.5120833920752,4497.107421875,3,0
127704,-7.580416637812899,33.5120833920752,2375.789306640625,3,0
127705,-7.5720833045128995,33.5120833920752,3297.794921875,3,0
127706,-7.563749971212901,33.5120833920752,3258.67138671875,3,0
127707,-7.5554166379128995,33.5120833920752,2721.2587890625,3,0
127708,-7.5470833046129,33.5120833920752,1220.8238525390625,3,0
127709,-7.5387499713129,33.5120833920752,608.9948120117188,3,0
127710,-7.530416638012899,33.5120833920752,433.14007568359375,3,0
127711,-7.522083304712899,33.5120833920752,1010.6890869140624,3,0
127712,-7.513749971412899,33.5120833920752,2232.611572265625,3,0
127713,-7.505416638112899,33.5120833920752,3923.863525390625,3,0
127714,-7.497083304812899,33.5120833920752,4424.3193359375,3,0
127715,-7.488749971512899,33.5120833920752,1359.205078125,3,0
127716,-7.480416638212899,33.5120833920752,331.2431335449219,3,0
127717,-7.472083304912899,33.5120833920752,343.27984619140625,3,0
127718,-7.463749971612899,33.5120833920752,203.00030517578125,3,0
127719,-7.455416638312901,33.5120833920752,74.26133728027342,3,0
127720,-7.4470833050128995,33.5120833920752,63.84232711791992,3,0
127721,-7.438749971712901,33.5120833920752,84.40923309326173,3,0
127722,-7.4304166384129,33.5120833920752,118.3746871948242,3,0
127723,-7.422083305112899,33.5120833920752,150.80084228515625,3,0
127724,-7.4137499718129,33.5120833920752,125.03583526611328,3,0
128440,-7.738749970512899,33.5037500587752,884.0327758789062,3,0
128441,-7.730416637212899,33.5037500587752,1283.8548583984375,3,0
128442,-7.722083303912899,33.5037500587752,1340.2027587890625,3,0
128443,-7.713749970612899,33.5037500587752,2210.7626953125,3,0
128444,-7.705416637312899,33.5037500587752,2189.83984375,3,0
128445,-7.697083304012899,33.5037500587752,986.3697509765624,3,0
128446,-7.688749970712899,33.5037500587752,1564.9461669921875,3,0
128447,-7.6804166374128995,33.5037500587752,1136.4169921875,3,0
128448,-7.672083304112901,33.5037500587752,4114.05419921875,3,0
128449,-7.6637499708128995,33.5037500587752,8167.49169921875,0,3
128450,-7.655416637512899,33.5037500587752,8015.01220703125,0,3
128451,-7.6470833042129,33.5037500587752,3759.16943359375,3,0
128452,-7.638749970912899,33.5037500587752,4239.720703125,3,0
128453,-7.630416637612899,33.5037500587752,7830.3671875,0,3
128454,-7.622083304312899,33.5037500587752,4440.36328125,3,0
128455,-7.613749971012899,33.5037500587752,3097.208984375,3,0
128456,-7.605416637712899,33.5037500587752,2740.6484375,3,0
128457,-7.597083304412899,33.5037500587752,1348.4459228515625,3,0
128458,-7.588749971112899,33.5037500587752,932.3946533203124,3,0
128459,-7.580416637812899,33.5037500587752,601.1968994140625,3,0
128460,-7.5720833045128995,33.5037500587752,982.861328125,3,0
128461,-7.563749971212901,33.5037500587752,1097.3988037109375,3,0
128462,-7.5554166379128995,33.5037500587752,852.4689331054686,3,0
128463,-7.5470833046129,33.5037500587752,1344.1700439453125,3,0
128464,-7.5387499713129,33.5037500587752,810.9634399414062,3,0
128465,-7.530416638012899,33.5037500587752,413.143310546875,3,0
128466,-7.522083304712899,33.5037500587752,303.4315185546875,3,0
128467,-7.513749971412899,33.5037500587752,488.5217895507813,3,0
128468,-7.505416638112899,33.5037500587752,1574.5841064453125,3,0
128469,-7.497083304812899,33.5037500587752,4148.345703125,3,0
128470,-7.488749971512899,33.5037500587752,1142.27978515625,3,0
128471,-7.480416638212899,33.5037500587752,298.9553527832031,3,0
128472,-7.472083304912899,33.5037500587752,609.2714233398438,3,0
128473,-7.463749971612899,33.5037500587752,505.9657287597656,3,0
128474,-7.455416638312901,33.5037500587752,224.71087646484372,3,0
128475,-7.4470833050128995,33.5037500587752,125.81678771972656,3,0
128476,-7.438749971712901,33.5037500587752,128.9987640380859,3,0
128477,-7.4304166384129,33.5037500587752,142.64064025878906,3,0
128478,-7.422083305112899,33.5037500587752,136.8260498046875,3,0
128479,-7.4137499718129,33.5037500587752,78.79441833496092,3,0
129196,-7.738749970512899,33.495416725475195,925.2725219726561,3,0
129197,-7.730416637212899,33.495416725475195,2228.74560546875,3,0
129198,-7.722083303912899,33.495416725475195,2042.9334716796875,3,0
129199,-7.713749970612899,33.495416725475195,974.9882202148435,3,0
129200,-7.705416637312899,33.495416725475195,831.0775756835938,3,0
129201,-7.697083304012899,33.495416725475195,789.5654296875,3,0
129202,-7.688749970712899,33.495416725475195,1328.0609130859375,3,0
129203,-7.6804166374128995,33.495416725475195,1505.5565185546875,3,0
129204,-7.672083304112901,33.495416725475195,1308.873046875,3,0
129205,-7.6637499708128995,33.495416725475195,2809.353515625,3,0
129206,-7.655416637512899,33.495416725475195,2679.183837890625,3,0
129207,-7.6470833042129,33.495416725475195,1730.0677490234375,3,0
129208,-7.638749970912899,33.495416725475195,5295.60205078125,0,3
129209,-7.630416637612899,33.495416725475195,6271.841796875,0,3
129210,-7.622083304312899,33.495416725475195,3017.427978515625,3,0
129211,-7.613749971012899,33.495416725475195,2624.0146484375,3,0
129212,-7.605416637712899,33.495416725475195,3094.98974609375,3,0
129213,-7.597083304412899,33.495416725475195,1716.2762451171875,3,0
129214,-7.588749971112899,33.495416725475195,1074.6270751953125,3,0
129215,-7.580416637812899,33.495416725475195,698.5122680664064,3,0
129216,-7.5720833045128995,33.495416725475195,549.529052734375,3,0
129217,-7.563749971212901,33.495416725475195,591.6494140625,3,0
129218,-7.5554166379128995,33.495416725475195,428.06655883789057,3,0
129219,-7.5470833046129,33.495416725475195,1100.948486328125,3,0
129220,-7.5387499713129,33.495416725475195,1162.0252685546875,3,0
129221,-7.530416638012899,33.495416725475195,769.31787109375,3,0
129222,-7.522083304712899,33.495416725475195,545.9058227539064,3,0
129223,-7.513749971412899,33.495416725475195,566.7077026367188,3,0
129224,-7.505416638112899,33.495416725475195,841.2682495117188,3,0
129225,-7.497083304812899,33.495416725475195,581.9078979492188,3,0
129226,-7.488749971512899,33.495416725475195,265.5628967285156,3,0
129227,-7.480416638212899,33.495416725475195,163.11618041992188,3,0
129228,-7.472083304912899,33.495416725475195,366.8338012695313,3,0
129229,-7.463749971612899,33.495416725475195,486.2678833007813,3,0
129230,-7.455416638312901,33.495416725475195,270.1844177246094,3,0
129231,-7.4470833050128995,33.495416725475195,159.73243713378906,3,0
129232,-7.438749971712901,33.495416725475195,98.64408874511719,3,0
129233,-7.4304166384129,33.495416725475195,92.79437255859376,3,0
129234,-7.422083305112899,33.495416725475195,135.3998870849609,3,0
129235,-7.4137499718129,33.495416725475195,81.35694885253906,3,0
129954,-7.738749970512899,33.487083392175194,758.75244140625,3,0
129955,-7.730416637212899,33.487083392175194,771.8104858398436,3,0
129956,-7.722083303912899,33.487083392175194,623.438720703125,3,0
129957,-7.713749970612899,33.487083392175194,572.020263671875,3,0
129958,-7.705416637312899,33.487083392175194,546.5450439453125,3,0
129959,-7.697083304012899,33.487083392175194,631.7736206054688,3,0
129960,-7.688749970712899,33.487083392175194,827.5911254882812,3,0
129961,-7.6804166374128995,33.487083392175194,1853.880126953125,3,0
129962,-7.672083304112901,33.487083392175194,1493.115478515625,3,0
129963,-7.6637499708128995,33.487083392175194,731.5242919921875,3,0
129964,-7.655416637512899,33.487083392175194,748.310302734375,3,0
129965,-7.6470833042129,33.487083392175194,825.7067260742188,3,0
129966,-7.638749970912899,33.487083392175194,2094.33935546875,3,0
129967,-7.630416637612899,33.487083392175194,3097.3046875,3,0
129968,-7.622083304312899,33.487083392175194,2272.137939453125,3,0
129969,-7.613749971012899,33.487083392175194,2011.8702392578125,3,0
129970,-7.605416637712899,33.487083392175194,2495.989990234375,3,0
129971,-7.597083304412899,33.487083392175194,2245.556640625,3,0
129972,-7.588749971112899,33.487083392175194,2458.206787109375,3,0
129973,-7.580416637812899,33.487083392175194,2028.6497802734373,3,0
129974,-7.5720833045128995,33.487083392175194,698.3851318359375,3,0
129975,-7.563749971212901,33.487083392175194,373.13967895507807,3,0
129976,-7.5554166379128995,33.487083392175194,466.61770629882807,3,0
129977,-7.5470833046129,33.487083392175194,786.0841674804686,3,0
129978,-7.5387499713129,33.487083392175194,1367.16015625,3,0
129979,-7.530416638012899,33.487083392175194,810.5545654296875,3,0
129980,-7.522083304712899,33.487083392175194,667.4357299804688,3,0
129981,-7.513749971412899,33.487083392175194,553.9198608398438,3,0
129982,-7.505416638112899,33.487083392175194,373.6486511230469,3,0
129983,-7.497083304812899,33.487083392175194,148.5194854736328,3,0
129984,-7.488749971512899,33.487083392175194,101.60702514648436,3,0
129985,-7.480416638212899,33.487083392175194,135.4761199951172,3,0
129986,-7.472083304912899,33.487083392175194,237.0398101806641,3,0
129987,-7.463749971612899,33.487083392175194,276.90289306640625,3,0
129988,-7.455416638312901,33.487083392175194,219.8291931152344,3,0
129989,-7.4470833050128995,33.487083392175194,138.7714080810547,3,0
129990,-7.438749971712901,33.487083392175194,63.75928497314453,3,0
129991,-7.4304166384129,33.487083392175194,48.64373779296875,3,0
129992,-7.422083305112899,33.487083392175194,74.74862670898438,3,0
129993,-7.4137499718129,33.487083392175194,43.70890426635742,3,0
130716,-7.738749970512899,33.4787500588752,325.2767944335937,3,0
130717,-7.730416637212899,33.4787500588752,263.17291259765625,3,0
130718,-7.722083303912899,33.4787500588752,251.1704559326172,3,0
130719,-7.713749970612899,33.4787500588752,392.4767456054688,3,0
130720,-7.705416637312899,33.4787500588752,644.1958618164064,3,0
130721,-7.697083304012899,33.4787500588752,773.7306518554686,3,0
130722,-7.688749970712899,33.4787500588752,899.54541015625,3,0
130723,-7.6804166374128995,33.4787500588752,1822.6209716796875,3,0
130724,-7.672083304112901,33.4787500588752,1425.11474609375,3,0
130725,-7.6637499708128995,33.4787500588752,1185.002685546875,3,0
130726,-7.655416637512899,33.4787500588752,1220.6961669921875,3,0
130727,-7.6470833042129,33.4787500588752,1582.8551025390625,3,0
130728,-7.638749970912899,33.4787500588752,2632.486572265625,3,0
130729,-7.630416637612899,33.4787500588752,1934.30908203125,3,0
130730,-7.622083304312899,33.4787500588752,2206.16015625,3,0
130731,-7.613749971012899,33.4787500588752,1166.41943359375,3,0
130732,-7.605416637712899,33.4787500588752,1577.1865234375,3,0
130733,-7.597083304412899,33.4787500588752,1988.554443359375,3,0
130734,-7.588749971112899,33.4787500588752,1492.0584716796875,3,0
130735,-7.580416637812899,33.4787500588752,895.0071411132812,3,0
130736,-7.5720833045128995,33.4787500588752,443.5192565917969,3,0
130737,-7.563749971212901,33.4787500588752,657.7784423828125,3,0
130738,-7.5554166379128995,33.4787500588752,971.9779663085936,3,0
130739,-7.5470833046129,33.4787500588752,660.741943359375,3,0
130740,-7.5387499713129,33.4787500588752,799.6819458007811,3,0
130741,-7.530416638012899,33.4787500588752,966.9855346679688,3,0
130742,-7.522083304712899,33.4787500588752,472.4241333007813,3,0
130743,-7.513749971412899,33.4787500588752,356.3733215332031,3,0
130744,-7.505416638112899,33.4787500588752,236.4990234375,3,0
130745,-7.497083304812899,33.4787500588752,134.1774139404297,3,0
130746,-7.488749971512899,33.4787500588752,119.82225799560545,3,0
130747,-7.480416638212899,33.4787500588752,116.53105163574217,3,0
130748,-7.472083304912899,33.4787500588752,119.55152130126952,3,0
130749,-7.463749971612899,33.4787500588752,120.08641052246092,3,0
130750,-7.455416638312901,33.4787500588752,132.4313201904297,3,0
130751,-7.4470833050128995,33.4787500588752,100.30428314208984,3,0
130752,-7.438749971712901,33.4787500588752,54.29393768310546,3,0
130753,-7.4304166384129,33.4787500588752,40.79796600341797,3,0
130754,-7.422083305112899,33.4787500588752,60.36715316772461,3,0
130755,-7.4137499718129,33.4787500588752,54.4302978515625,3,0
131482,-7.738749970512899,33.4704167255752,203.64553833007807,3,0
131483,-7.730416637212899,33.4704167255752,197.6414337158203,3,0
131484,-7.722083303912899,33.4704167255752,261.248046875,3,0
131485,-7.713749970612899,33.4704167255752,328.19876098632807,3,0
131486,-7.705416637312899,33.4704167255752,523.0546264648438,3,0
131487,-7.697083304012899,33.4704167255752,872.2669067382812,3,0
131488,-7.688749970712899,33.4704167255752,1269.9554443359375,3,0
131489,-7.6804166374128995,33.4704167255752,662.505615234375,3,0
131490,-7.672083304112901,33.4704167255752,709.4180908203125,3,0
131491,-7.6637499708128995,33.4704167255752,1391.3426513671875,3,0
131492,-7.655416637512899,33.4704167255752,1515.907958984375,3,0
131493,-7.6470833042129,33.4704167255752,2069.124267578125,3,0
131494,-7.638749970912899,33.4704167255752,2968.722412109375,3,0
131495,-7.630416637612899,33.4704167255752,1621.2991943359375,3,0
131496,-7.622083304312899,33.4704167255752,925.0767822265624,3,0
131497,-7.613749971012899,33.4704167255752,1405.5546875,3,0
131498,-7.605416637712899,33.4704167255752,1757.337158203125,3,0
131499,-7.597083304412899,33.4704167255752,1231.8612060546875,3,0
131500,-7.588749971112899,33.4704167255752,436.2996215820313,3,0
131501,-7.580416637812899,33.4704167255752,184.83154296875,3,0
131502,-7.5720833045128995,33.4704167255752,169.11691284179688,3,0
131503,-7.563749971212901,33.4704167255752,251.72413635253903,3,0
131504,-7.5554166379128995,33.4704167255752,396.97015380859375,3,0
131505,-7.5470833046129,33.4704167255752,315.4315490722656,3,0
131506,-7.5387499713129,33.4704167255752,490.255859375,3,0
131507,-7.530416638012899,33.4704167255752,823.3605346679686,3,0
131508,-7.522083304712899,33.4704167255752,576.3207397460938,3,0
131509,-7.513749971412899,33.4704167255752,921.1019897460936,3,0
131510,-7.505416638112899,33.4704167255752,518.9702758789064,3,0
131511,-7.497083304812899,33.4704167255752,203.4674224853516,3,0
131512,-7.488749971512899,33.4704167255752,242.4122009277344,3,0
131513,-7.480416638212899,33.4704167255752,168.43072509765625,3,0
131514,-7.472083304912899,33.4704167255752,70.40850067138672,3,0
131515,-7.463749971612899,33.4704167255752,56.86939239501953,3,0
131516,-7.455416638312901,33.4704167255752,68.14591979980469,3,0
131517,-7.4470833050128995,33.4704167255752,64.19725036621094,3,0
131518,-7.438749971712901,33.4704167255752,54.048126220703125,3,0
131519,-7.4304166384129,33.4704167255752,63.347923278808594,3,0
131520,-7.422083305112899,33.4704167255752,75.96017456054686,3,0
131521,-7.4137499718129,33.4704167255752,75.01820373535155,3,0
132248,-7.738749970512899,33.4620833922752,153.32513427734375,3,0
132249,-7.730416637212899,33.4620833922752,197.86036682128903,3,0
132250,-7.722083303912899,33.4620833922752,291.0829772949219,3,0
132251,-7.713749970612899,33.4620833922752,344.05572509765625,3,0
132252,-7.705416637312899,33.4620833922752,614.4814453125,3,0
132253,-7.697083304012899,33.4620833922752,861.2720947265625,3,0
132254,-7.688749970712899,33.4620833922752,803.11181640625,3,0
132255,-7.6804166374128995,33.4620833922752,406.0564575195313,3,0
132256,-7.672083304112901,33.4620833922752,440.4889526367188,3,0
132257,-7.6637499708128995,33.4620833922752,1930.48974609375,3,0
132258,-7.655416637512899,33.4620833922752,3744.068359375,3,0
132259,-7.6470833042129,33.4620833922752,3370.576904296875,3,0
132260,-7.638749970912899,33.4620833922752,2698.193603515625,3,0
132261,-7.630416637612899,33.4620833922752,1367.6187744140625,3,0
132262,-7.622083304312899,33.4620833922752,709.9209594726562,3,0
132263,-7.613749971012899,33.4620833922752,686.6019287109375,3,0
132264,-7.605416637712899,33.4620833922752,1029.9207763671875,3,0
132265,-7.597083304412899,33.4620833922752,911.3207397460936,3,0
132266,-7.588749971112899,33.4620833922752,332.9515075683594,3,0
132267,-7.580416637812899,33.4620833922752,106.60692596435545,3,0
132268,-7.5720833045128995,33.4620833922752,76.83792114257811,3,0
132269,-7.563749971212901,33.4620833922752,99.44033050537107,3,0
132270,-7.5554166379128995,33.4620833922752,161.9461669921875,3,0
132271,-7.5470833046129,33.4620833922752,508.34075927734375,3,0
132272,-7.5387499713129,33.4620833922752,932.6437377929688,3,0
132273,-7.530416638012899,33.4620833922752,523.3826293945312,3,0
132274,-7.522083304712899,33.4620833922752,2076.365966796875,3,0
132275,-7.513749971412899,33.4620833922752,2867.1259765625,3,0
132276,-7.505416638112899,33.4620833922752,1224.02587890625,3,0
132277,-7.497083304812899,33.4620833922752,434.52590942382807,3,0
132278,-7.488749971512899,33.4620833922752,319.7843017578125,3,0
132279,-7.480416638212899,33.4620833922752,196.81573486328125,3,0
132280,-7.472083304912899,33.4620833922752,94.98182678222656,3,0
132281,-7.463749971612899,33.4620833922752,58.77362060546875,3,0
132282,-7.455416638312901,33.4620833922752,75.70274353027342,3,0
132283,-7.4470833050128995,33.4620833922752,110.3405990600586,3,0
132284,-7.438749971712901,33.4620833922752,127.85907745361328,3,0
132285,-7.4304166384129,33.4620833922752,98.32025146484376,3,0
132286,-7.422083305112899,33.4620833922752,101.9811782836914,3,0
132287,-7.4137499718129,33.4620833922752,95.28181457519533,3,0
133018,-7.738749970512899,33.453750058975196,154.20497131347656,3,0
133019,-7.730416637212899,33.453750058975196,191.7784423828125,3,0
133020,-7.722083303912899,33.453750058975196,270.3778076171875,3,0
133021,-7.713749970612899,33.453750058975196,439.2614135742188,3,0
133022,-7.705416637312899,33.453750058975196,420.4290466308594,3,0
133023,-7.697083304012899,33.453750058975196,345.8431091308594,3,0
133024,-7.688749970712899,33.453750058975196,289.1632385253906,3,0
133025,-7.6804166374128995,33.453750058975196,284.71881103515625,3,0
133026,-7.672083304112901,33.453750058975196,497.0387573242188,3,0
133027,-7.6637499708128995,33.453750058975196,1406.0113525390625,3,0
133028,-7.655416637512899,33.453750058975196,2732.66650390625,3,0
133029,-7.6470833042129,33.453750058975196,4066.2841796875,3,0
133030,-7.638749970912899,33.453750058975196,2795.49951171875,3,0
133031,-7.630416637612899,33.453750058975196,1609.24169921875,3,0
133032,-7.622083304312899,33.453750058975196,600.429931640625,3,0
133033,-7.613749971012899,33.453750058975196,396.1400146484375,3,0
133034,-7.605416637712899,33.453750058975196,369.3016662597656,3,0
133035,-7.597083304412899,33.453750058975196,267.6730041503906,3,0
133036,-7.588749971112899,33.453750058975196,141.9184417724609,3,0
133037,-7.580416637812899,33.453750058975196,91.76953887939453,3,0
133038,-7.5720833045128995,33.453750058975196,59.12221908569336,3,0
133039,-7.563749971212901,33.453750058975196,102.7335205078125,3,0
133040,-7.5554166379128995,33.453750058975196,241.5648651123047,3,0
133041,-7.5470833046129,33.453750058975196,657.6767578125,3,0
133042,-7.5387499713129,33.453750058975196,748.2310180664062,3,0
133043,-7.530416638012899,33.453750058975196,621.4417114257812,3,0
133044,-7.522083304712899,33.453750058975196,7169.3935546875,0,3
133045,-7.513749971412899,33.453750058975196,10772.9091796875,0,3
133046,-7.505416638112899,33.453750058975196,3004.388671875,3,0
133047,-7.497083304812899,33.453750058975196,707.4190673828125,3,0
133048,-7.488749971512899,33.453750058975196,518.1880493164064,3,0
133049,-7.480416638212899,33.453750058975196,362.0603637695313,3,0
133050,-7.472083304912899,33.453750058975196,199.71051025390625,3,0
133051,-7.463749971612899,33.453750058975196,132.6393280029297,3,0
133052,-7.455416638312901,33.453750058975196,90.8978271484375,3,0
133053,-7.4470833050128995,33.453750058975196,111.57975006103516,3,0
133054,-7.438749971712901,33.453750058975196,121.63568878173828,3,0
133055,-7.4304166384129,33.453750058975196,105.97947692871092,3,0
133056,-7.422083305112899,33.453750058975196,79.17295837402342,3,0
133057,-7.4137499718129,33.453750058975196,78.24424743652342,3,0
